// WeatherIcons.h — real stock GeekMagic 60x60 JPGs -> RGB565 PROGMEM, resized to 48x48.
// Extracted live from stock device 192.168.0.240 (/{code}.jpg). Near-black bg floored to 0x0000
// so it blits invisibly onto the black screen. Blit with draw16bitRGBBitmap (no setFont).
#pragma once
#include <Arduino.h>

#define WICON_W 48
#define WICON_H 48

static const uint16_t PROGMEM wicon_01d[] = {
  0x0000,0x0000,0x0000,0x0000,0x0000,0x0000,0x0000,0x0000,0x0000,0x0000,0x0000,0x0000,
  0x0000,0x0000,0x0000,0x0000,0x0000,0x0000,0x0000,0x0000,0x0000,0x0000,0x0000,0x0000,
  0x0000,0x0000,0x0000,0x0000,0x0000,0x0000,0x0000,0x0000,0x0000,0x0000,0x0000,0x0000,
  0x0000,0x0000,0x0000,0x0000,0x0000,0x0000,0x0000,0x0000,0x0000,0x0000,0x0000,0x0000,
  0x0000,0x0000,0x0000,0x0000,0x0000,0x0000,0x0000,0x0000,0x0000,0x0000,0x0000,0x0000,
  0x0000,0x0000,0x0000,0x0000,0x0000,0x0000,0x0000,0x0000,0x0000,0x0000,0x0000,0x0000,
  0x0000,0x0000,0x0000,0x0000,0x0000,0x0000,0x0000,0x0000,0x0000,0x0000,0x0000,0x0000,
  0x0000,0x0000,0x0000,0x0000,0x0000,0x0000,0x0000,0x0000,0x0000,0x0000,0x0000,0x0000,
  0x0000,0x0000,0x0000,0x0000,0x0000,0x0000,0x0000,0x0000,0x0000,0x0000,0x0000,0x0000,
  0x0000,0x0000,0x0000,0x0000,0x0000,0x0000,0x0000,0x0000,0x0000,0x0000,0x0000,0x6AE5,
  0x7B05,0x0000,0x0000,0x0000,0x0000,0x0000,0x0000,0x0000,0x0000,0x0000,0x0000,0x0000,
  0x0000,0x0000,0x0000,0x0000,0x0000,0x0000,0x0000,0x0000,0x0000,0x0000,0x0000,0x0000,
  0x0000,0x0000,0x0000,0x0000,0x0000,0x0000,0x0000,0x0000,0x0000,0x0000,0x0000,0x0000,
  0x0000,0x0000,0x0000,0x0000,0x3120,0x8BA5,0x5A01,0x0000,0x0000,0x28C0,0x7B41,0xEE48,
  0xEE29,0x8B62,0x20A0,0x0000,0x0000,0x5A01,0x8B86,0x3121,0x0000,0x0000,0x0000,0x0000,
  0x0000,0x0000,0x0000,0x0000,0x0000,0x0000,0x0000,0x0000,0x0000,0x0000,0x0000,0x0000,
  0x0000,0x0000,0x0000,0x0000,0x0000,0x0000,0x0000,0x0000,0x0000,0x0000,0x0000,0x0000,
  0x0000,0x0000,0x0000,0x0000,0x7B02,0xFEAB,0xE628,0xB4A5,0x93E4,0xBD06,0xF6A8,0xFE65,
  0xFE65,0xFE89,0xC507,0x9BE4,0xB4A5,0xEE08,0xFEAC,0x7B22,0x0000,0x0000,0x0000,0x0000,
  0x0000,0x0000,0x0000,0x0000,0x0000,0x0000,0x0000,0x0000,0x0000,0x0000,0x0000,0x0000,
  0x0000,0x0000,0x0000,0x0000,0x0000,0x0000,0x0000,0x0000,0x0000,0x0000,0x0000,0x0000,
  0x0000,0x0000,0x0000,0x51C1,0xDDE8,0xF686,0xF684,0xFF08,0xFF29,0xFF29,0xFEC7,0xFEA7,
  0xFEC6,0xFEC7,0xFF08,0xFF49,0xFF28,0xFE86,0xF666,0xDDC7,0x51C1,0x0000,0x0000,0x0000,
  0x0000,0x0000,0x0000,0x0000,0x0000,0x0000,0x0000,0x0000,0x0000,0x0000,0x0000,0x0000,
  0x0000,0x0000,0x0000,0x0000,0x0000,0x0000,0x0000,0x0000,0x0000,0x0000,0x0000,0x8343,
  0x8B63,0x72A1,0x8BA3,0xDDE8,0xFEE9,0xFEA6,0xFEC5,0xFEE6,0xFEE7,0xFEC7,0xFEC6,0xFEC6,
  0xFEC6,0xFEE6,0xFEC6,0xFEE6,0xFEE6,0xFEC7,0xFEA6,0xFEC8,0xD5E7,0x8BC3,0x6AC1,0x8382,
  0x7B83,0x0000,0x0000,0x0000,0x0000,0x0000,0x0000,0x0000,0x0000,0x0000,0x0000,0x0000,
  0x0000,0x0000,0x0000,0x0000,0x0000,0x0000,0x0000,0x0000,0x0000,0x0000,0x4180,0xDDA7,
  0xFEA8,0xF6A7,0xFEE8,0xFF08,0xFEC7,0xFEE7,0xFEC5,0xFE85,0xFE65,0xF624,0xF5E2,0xF5E1,
  0xF5E2,0xF5C2,0xF5E2,0xF604,0xFE65,0xFEA7,0xFEC8,0xFEC7,0xFF07,0xFF07,0xF6A7,0xFEC7,
  0xD5C6,0x3980,0x0000,0x0000,0x0000,0x0000,0x0000,0x0000,0x0000,0x0000,0x0000,0x0000,
  0x0000,0x0000,0x0000,0x0000,0x0000,0x0000,0x0000,0x0000,0x0000,0x0000,0x6243,0xEE28,
  0xFE86,0xFEC6,0xFEE6,0xFEE6,0xFEA5,0xFE43,0xF5E1,0xF5C1,0xF5A1,0xF580,0xF580,0xF560,
  0xF540,0xF540,0xF520,0xED00,0xED21,0xED61,0xF5C3,0xFE66,0xFEC7,0xFEE7,0xFEC6,0xFE86,
  0xEE08,0x6243,0x0000,0x0000,0x0000,0x0000,0x0000,0x0000,0x0000,0x0000,0x0000,0x0000,
  0x0000,0x0000,0x0000,0x0000,0x0000,0x0000,0x0000,0x0000,0x0000,0x0000,0xA4A5,0xFEC9,
  0xFEA6,0xFEE6,0xFEC6,0xF623,0xF601,0xF5E1,0xF5A0,0xF5A0,0xFDA0,0xF580,0xF580,0xF560,
  0xF560,0xF540,0xF540,0xF520,0xF520,0xED00,0xED00,0xED21,0xF5A3,0xFE86,0xFEE7,0xFEA7,
  0xFEAA,0xB466,0x0000,0x0000,0x0000,0x0000,0x0000,0x0000,0x0000,0x0000,0x0000,0x0000,
  0x0000,0x0000,0x0000,0x0000,0x0000,0x0000,0x0000,0x3960,0x6243,0xA485,0xEEE8,0xFEE7,
  0xFEE7,0xFEC5,0xFE23,0xEDA1,0xF5C0,0xF5C0,0xF5A0,0xF5A0,0xF580,0xF580,0xED60,0xED60,
  0xED60,0xF560,0xF540,0xED20,0xED20,0xF501,0xF4E1,0xF4C0,0xECA0,0xED41,0xFE25,0xFEE8,
  0xFEC8,0xFEA8,0xAC85,0x6242,0x3980,0x0000,0x0000,0x0000,0x0000,0x0000,0x0000,0x0000,
  0x0000,0x0000,0x0000,0x0000,0x0000,0x0000,0x7B43,0xD5C7,0xEE28,0xFEC9,0xFEC7,0xFEE6,
  0xFE84,0xF5E1,0xF5C0,0xF5C1,0xF5C0,0xF5C0,0xF5A0,0xFDA0,0xFD80,0xFD80,0xFD60,0xF540,
  0xF540,0xF520,0xF520,0xF520,0xF500,0xF4E0,0xF4E0,0xF4C0,0xF4C1,0xECA0,0xE4C0,0xF5C4,
  0xFEC7,0xFEE7,0xFEC9,0xEE28,0xD5C7,0x8363,0x0000,0x0000,0x0000,0x0000,0x0000,0x0000,
  0x0000,0x0000,0x0000,0x0000,0x0000,0x0000,0x8B63,0xFEC8,0xFE86,0xFE86,0xFEE7,0xFE64,
  0xFDE1,0xFDC0,0xFDC0,0xFDC0,0xF5A0,0xF5A0,0xF5A0,0xFD80,0xFD60,0xF540,0xF540,0xF540,
  0xF520,0xF500,0xF500,0xF500,0xF4E0,0xF4E0,0xF4C0,0xECA0,0xF4A0,0xF480,0xEC80,0xE4C0,
  0xF5C3,0xFEE7,0xFEA7,0xFE86,0xFEC7,0x8B83,0x0000,0x0000,0x0000,0x0000,0x0000,0x0000,
  0x0000,0x0000,0x0000,0x0000,0x0000,0x0000,0x6AA1,0xF6A7,0xFEC7,0xFEC6,0xFEC5,0xFDE1,
  0xFDC0,0xFDE0,0xFDC0,0xF5A0,0xF5A0,0xF580,0xF580,0xF580,0xFD60,0xF540,0xF540,0xF520,
  0xF520,0xF500,0xFCE0,0xF4E0,0xF4E0,0xF4E0,0xECC0,0xECA0,0xF4A0,0xF480,0xEC80,0xE480,
  0xE4A0,0xF5C4,0xFEC9,0xFEA8,0xFEC8,0x6AC1,0x0000,0x0000,0x0000,0x0000,0x0000,0x0000,
  0x0000,0x0000,0x0000,0x0000,0x0000,0x0000,0x8BA3,0xFEE8,0xFEE6,0xFEE6,0xF622,0xF5C0,
  0xFDE0,0xFDC0,0xFDC0,0xF5A0,0xFD80,0xF580,0xF560,0xF560,0xF560,0xF540,0xF520,0xF520,
  0xF500,0xF500,0xF4E0,0xF4E0,0xF4C0,0xECC0,0xECC0,0xF4A0,0xF480,0xF480,0xEC60,0xEC80,
  0xE460,0xE4A0,0xFE46,0xFEE8,0xFEE8,0x93A3,0x0000,0x0000,0x0000,0x0000,0x0000,0x0000,
  0x0000,0x0000,0x0000,0x0000,0x0000,0x51E1,0xDDE8,0xFF08,0xFF06,0xFE63,0xEDC0,0xF5C0,
  0xFDC0,0xFDC0,0xF5A0,0xF580,0xF580,0xF560,0xF560,0xF540,0xF540,0xF520,0xF520,0xF500,
  0xF500,0xF4E0,0xF4E0,0xF4C0,0xECC0,0xF4C0,0xECA0,0xF480,0xF460,0xF460,0xF460,0xEC60,
  0xE440,0xDC40,0xED42,0xFEE7,0xFEC7,0xDDE8,0x51E1,0x0000,0x0000,0x0000,0x0000,0x0000,
  0x0000,0x0000,0x0000,0x3941,0x7B02,0xDDC7,0xFEEA,0xFEC7,0xFEA5,0xF601,0xF5C0,0xF5C0,
  0xF5A0,0xFDC0,0xFDA0,0xF580,0xF580,0xF560,0xF540,0xF540,0xF540,0xF520,0xF500,0xF500,
  0xF500,0xF4E0,0xF4C0,0xF4C0,0xECA0,0xF4A0,0xF480,0xF460,0xF460,0xF440,0xF440,0xEC20,
  0xEC20,0xEC20,0xDC40,0xFE25,0xFEC7,0xFEE8,0xD5E7,0x7B02,0x3121,0x0000,0x0000,0x0000,
  0x0000,0x0000,0x0000,0x8BA5,0xFECB,0xF6A6,0xFE86,0xFEE7,0xFE43,0xF5E0,0xFDC0,0xF5C0,
  0xF5C0,0xF5A0,0xF580,0xF560,0xF560,0xF540,0xF540,0xF520,0xF520,0xF500,0xF500,0xF4E0,
  0xF4E0,0xF4C0,0xF4C0,0xF4A0,0xF4A0,0xF480,0xF480,0xF460,0xEC60,0xF440,0xEC20,0xF440,
  0xF420,0xEBE0,0xE420,0xED02,0xFEC8,0xFEC6,0xEE85,0xFECB,0x8BA5,0x0000,0x0000,0x0000,
  0x0000,0x0000,0x0000,0x5A01,0xEE28,0xF6A4,0xFEE6,0xFEA6,0xF5E2,0xF5A0,0xFDC0,0xF5A0,
  0xF5A0,0xFD80,0xF580,0xF560,0xF540,0xF540,0xF520,0xF520,0xF500,0xF500,0xF4E0,0xF4E0,
  0xECC0,0xF4C0,0xF4A0,0xECA0,0xF480,0xF480,0xF460,0xF460,0xEC40,0xEC40,0xEC20,0xEC20,
  0xF400,0xEBE0,0xE3E0,0xDC61,0xFE67,0xFEE7,0xFE85,0xEE49,0x5A01,0x0000,0x0000,0x0000,
  0x0000,0x0000,0x0000,0x0000,0xB4A5,0xFF07,0xFEE6,0xFE85,0xF5C1,0xF5A0,0xFDA0,0xF580,
  0xFD80,0xFD80,0xFD60,0xF540,0xF540,0xF520,0xF520,0xF500,0xF500,0xF4E0,0xF4E0,0xF4C0,
  0xF4C0,0xF4A0,0xF4A0,0xF480,0xF460,0xF460,0xF460,0xEC40,0xEC40,0xEC40,0xE420,0xEC00,
  0xEC00,0xF3E0,0xE3C0,0xDC00,0xF5A4,0xFEC7,0xFF08,0xB485,0x0000,0x0000,0x0000,0x0000,
  0x0000,0x0000,0x0000,0x0000,0x93E4,0xFF29,0xFEE6,0xFE64,0xF5A1,0xF5A0,0xFDA0,0xFD80,
  0xFD60,0xFD60,0xF540,0xF540,0xF520,0xF520,0xF500,0xF500,0xF4E0,0xF4E0,0xF4C0,0xF4C0,
  0xF4A0,0xECA0,0xECA0,0xF480,0xF460,0xF460,0xF440,0xEC40,0xEC40,0xEC40,0xE420,0xEC00,
  0xEBE0,0xEBC0,0xE3A0,0xDBA0,0xE503,0xFEC8,0xFF29,0x93C4,0x0000,0x0000,0x0000,0x0000,
  0x0000,0x0000,0x0000,0x28C0,0xBD06,0xFF29,0xFEC6,0xF624,0xF561,0xF580,0xF580,0xFD60,
  0xFD40,0xF540,0xF540,0xF520,0xF520,0xF500,0xF4E0,0xF4E0,0xF4E0,0xF4C0,0xF4C0,0xECA0,
  0xECA0,0xEC80,0xEC80,0xEC60,0xF460,0xF440,0xEC20,0xEC20,0xEC20,0xE420,0xE400,0xEC00,
  0xEBE0,0xEBC0,0xEBA0,0xDBA0,0xE4A2,0xFEA7,0xFF09,0xBD07,0x28C0,0x0000,0x0000,0x0000,
  0x0000,0x0000,0x0000,0x8321,0xF6A9,0xFEE8,0xFEC6,0xF602,0xF561,0xF560,0xF560,0xF560,
  0xF540,0xF540,0xF520,0xF520,0xF500,0xF4E0,0xF4E0,0xF4E0,0xF4C0,0xF4C0,0xF4A0,0xF4A0,
  0xF480,0xEC80,0xEC60,0xF460,0xEC40,0xF440,0xEC20,0xEC20,0xEC00,0xE400,0xE3E0,0xE3E0,
  0xEBC0,0xE3C0,0xEBA0,0xE380,0xE4A2,0xFE67,0xFEE7,0xFEA8,0x8341,0x0000,0x0000,0x0000,
  0x0000,0x0000,0x6AE4,0xEE49,0xFE65,0xFEA7,0xFEC6,0xF5E1,0xF560,0xF560,0xED60,0xF560,
  0xF540,0xF520,0xF520,0xF500,0xF500,0xF4E0,0xF4C0,0xF4C0,0xF4C0,0xECA0,0xF4A0,0xEC80,
  0xEC60,0xEC60,0xEC60,0xEC40,0xEC40,0xEC20,0xEC20,0xEC00,0xEC00,0xEBE0,0xEBE0,0xE3C0,
  0xE3A0,0xE3A0,0xEBA0,0xE360,0xE441,0xFE67,0xFEC7,0xF685,0xEE48,0x7305,0x0000,0x0000,
  0x0000,0x0000,0x72E5,0xEE28,0xFE65,0xFEA6,0xFEC6,0xF5E2,0xF560,0xF560,0xED60,0xF520,
  0xF520,0xF520,0xF520,0xF500,0xF4E0,0xF4E0,0xF4C0,0xF4C0,0xF4A0,0xECA0,0xF480,0xEC80,
  0xEC60,0xEC60,0xEC60,0xEC40,0xEC20,0xEC20,0xEC00,0xEC00,0xEBE0,0xEBC0,0xEBC0,0xEBC0,
  0xE3A0,0xE3A0,0xEB80,0xDB60,0xE421,0xFE47,0xFEE7,0xF665,0xE629,0x7305,0x0000,0x0000,
  0x0000,0x0000,0x0000,0x8362,0xF6A8,0xFEC7,0xFEC6,0xF5C2,0xF540,0xF540,0xED60,0xF520,
  0xF500,0xF500,0xF500,0xF4E0,0xF4E0,0xF4C0,0xF4C0,0xF4A0,0xF4A0,0xF480,0xF480,0xEC80,
  0xEC60,0xEC60,0xEC40,0xEC40,0xEC20,0xEC00,0xEC00,0xEBE0,0xEBE0,0xEBC0,0xEBA0,0xEBA0,
  0xEBA0,0xE380,0xEB60,0xDB40,0xE441,0xFE67,0xFEE8,0xF6A9,0x8362,0x0000,0x0000,0x0000,
  0x0000,0x0000,0x0000,0x0000,0xBD26,0xFF29,0xFEC6,0xF5C3,0xF540,0xF540,0xED40,0xF520,
  0xF4E0,0xF500,0xF4E0,0xF4E0,0xF4E0,0xF4C0,0xF4A0,0xF4A0,0xF480,0xF460,0xEC60,0xEC60,
  0xEC60,0xEC40,0xEC40,0xEC20,0xEC00,0xEC00,0xEBE0,0xEBE0,0xEBC0,0xEBC0,0xEBA0,0xE3A0,
  0xEBA0,0xE380,0xEB60,0xDB40,0xE4A1,0xFE86,0xFF09,0xBD07,0x0000,0x0000,0x0000,0x0000,
  0x0000,0x0000,0x0000,0x0000,0x9BC3,0xFF48,0xFEE6,0xFE05,0xED20,0xF540,0xED20,0xF500,
  0xF4E0,0xF4E0,0xF4E0,0xF4C0,0xECC0,0xF4C0,0xECA0,0xEC80,0xEC80,0xEC60,0xEC60,0xEC40,
  0xEC40,0xEC20,0xEC20,0xEC00,0xEBE0,0xEBE0,0xE3E0,0xE3C0,0xE3C0,0xE3A0,0xEBA0,0xE380,
  0xE380,0xE380,0xE340,0xD320,0xE503,0xFEE7,0xFF49,0x93C3,0x0000,0x0000,0x0000,0x0000,
  0x0000,0x0000,0x0000,0x0000,0xB485,0xFEE7,0xFEC7,0xFE46,0xED20,0xF540,0xED20,0xF4E0,
  0xF4C0,0xF4E0,0xF4C0,0xF4C0,0xECA0,0xECA0,0xECA0,0xEC80,0xEC80,0xEC60,0xF440,0xEC40,
  0xEC20,0xEC20,0xEC00,0xEC00,0xEBE0,0xEBE0,0xE3C0,0xE3C0,0xE3A0,0xE380,0xEB80,0xEB80,
  0xE340,0xE360,0xE320,0xD360,0xEDA5,0xFF07,0xFEE7,0xB485,0x0000,0x0000,0x0000,0x0000,
  0x0000,0x0000,0x0000,0x5A01,0xEE09,0xFE86,0xFEA7,0xFE86,0xED40,0xED00,0xF500,0xF4E0,
  0xF4C0,0xF4C0,0xF4C0,0xF4A0,0xECA0,0xECA0,0xF480,0xF460,0xF460,0xEC40,0xF440,0xEC20,
  0xEC20,0xEC00,0xEC00,0xEBE0,0xEBE0,0xEBC0,0xEBC0,0xE3A0,0xEBA0,0xE380,0xE380,0xE360,
  0xE340,0xE340,0xE340,0xDBC0,0xFE26,0xFEE7,0xFE65,0xEE28,0x5A21,0x0000,0x0000,0x0000,
  0x0000,0x0000,0x0000,0x8BA6,0xFEAC,0xFE66,0xFE86,0xFEC7,0xF5C3,0xED00,0xF4E0,0xF4C0,
  0xF4C0,0xECC0,0xECC0,0xECA0,0xF480,0xF480,0xF460,0xF460,0xEC40,0xEC20,0xEC20,0xEC20,
  0xEC00,0xEC00,0xEBE0,0xE3C0,0xE3C0,0xEBC0,0xEBA0,0xEBA0,0xEB80,0xE380,0xE380,0xE360,
  0xEB40,0xEB20,0xDB00,0xEC83,0xFEE7,0xF6A5,0xF687,0xFEAB,0x8B85,0x0000,0x0000,0x0000,
  0x0000,0x0000,0x0000,0x3121,0x7B22,0xDDC7,0xFEC8,0xFEC7,0xFE66,0xED41,0xF4E0,0xF4C0,
  0xF4A0,0xECA0,0xECA0,0xEC80,0xF460,0xF460,0xF440,0xF440,0xEC40,0xEC20,0xEC20,0xEC00,
  0xEC00,0xEBE0,0xEBE0,0xE3C0,0xE3C0,0xEBA0,0xEBA0,0xEB80,0xEB60,0xE380,0xE360,0xE340,
  0xEB40,0xE300,0xDB60,0xFDC6,0xFF07,0xFEE7,0xD5E8,0x7B22,0x3921,0x0000,0x0000,0x0000,
  0x0000,0x0000,0x0000,0x0000,0x0000,0x51C1,0xDE08,0xFF08,0xFEE7,0xEDC3,0xE4A0,0xF4C1,
  0xF4A0,0xF4A0,0xF480,0xF480,0xF460,0xF460,0xEC40,0xEC40,0xEC40,0xEC20,0xEC20,0xEC00,
  0xEBE0,0xEBE0,0xEBC0,0xEBC0,0xEBC0,0xEBA0,0xE380,0xEB60,0xEB60,0xE360,0xE340,0xE340,
  0xE360,0xD300,0xECA3,0xFEA8,0xFF08,0xD608,0x49E1,0x0000,0x0000,0x0000,0x0000,0x0000,
  0x0000,0x0000,0x0000,0x0000,0x0000,0x0000,0x8BA2,0xFF08,0xFEE8,0xFE66,0xED41,0xEC80,
  0xF480,0xF480,0xF480,0xF460,0xEC40,0xEC40,0xEC40,0xEC40,0xE420,0xE420,0xE400,0xEBE0,
  0xEBC0,0xEBC0,0xEBC0,0xEBA0,0xEBA0,0xE380,0xE380,0xE380,0xE340,0xE320,0xEB40,0xE340,
  0xD320,0xDBA0,0xFE27,0xFEE8,0xFEE8,0x8BA3,0x0000,0x0000,0x0000,0x0000,0x0000,0x0000,
  0x0000,0x0000,0x0000,0x0000,0x0000,0x0000,0x6AA1,0xFEA7,0xFEA7,0xFEC7,0xFE45,0xE4A0,
  0xEC60,0xF480,0xF460,0xEC40,0xEC40,0xEC60,0xEC40,0xE420,0xE420,0xE400,0xE3E0,0xEBC0,
  0xEBC0,0xEBA0,0xEBA0,0xEB80,0xEB80,0xE380,0xE360,0xE360,0xE340,0xEB20,0xEB40,0xDB20,
  0xCB60,0xF585,0xFEC9,0xFEA7,0xFE86,0x6AA1,0x0000,0x0000,0x0000,0x0000,0x0000,0x0000,
  0x0000,0x0000,0x0000,0x0000,0x0000,0x0000,0x8B83,0xFEA7,0xFE86,0xFEC7,0xFEE8,0xFDC4,
  0xECA0,0xEC80,0xEC80,0xEC60,0xEC40,0xEC40,0xEC20,0xEC00,0xE400,0xE400,0xE3E0,0xEBC0,
  0xEBA0,0xEBA0,0xEBA0,0xEB80,0xEB80,0xE360,0xE360,0xE360,0xE340,0xE340,0xDB20,0xD360,
  0xED24,0xFEC9,0xFEA7,0xFE86,0xFEA7,0x8B83,0x0000,0x0000,0x0000,0x0000,0x0000,0x0000,
  0x0000,0x0000,0x0000,0x0000,0x0000,0x0000,0x8363,0xD5C7,0xEE28,0xFEA9,0xFEE8,0xFEC8,
  0xF5C4,0xE480,0xE460,0xEC40,0xEC40,0xEC20,0xEC00,0xEC00,0xEBE0,0xEBE0,0xEBC0,0xEBA0,
  0xEBA0,0xEBA0,0xEBA0,0xE380,0xE360,0xE340,0xE340,0xE340,0xE320,0xD340,0xD3A0,0xED24,
  0xFEA8,0xFEC8,0xFEEA,0xE628,0xDDC7,0x8364,0x0000,0x0000,0x0000,0x0000,0x0000,0x0000,
  0x0000,0x0000,0x0000,0x0000,0x0000,0x0000,0x0000,0x4160,0x6243,0xAC86,0xF6C8,0xFEE8,
  0xFEE8,0xF5E5,0xE4C1,0xDC20,0xE400,0xEC00,0xF3E0,0xF3E0,0xEBC0,0xEBA0,0xEBA0,0xEBC0,
  0xE3A0,0xE380,0xE380,0xE380,0xE360,0xE340,0xEB20,0xE300,0xDB20,0xDBE1,0xF586,0xFEC9,
  0xFEE9,0xF6A8,0xAC85,0x6263,0x4180,0x0000,0x0000,0x0000,0x0000,0x0000,0x0000,0x0000,
  0x0000,0x0000,0x0000,0x0000,0x0000,0x0000,0x0000,0x0000,0x0000,0x0000,0xAC85,0xFEA9,
  0xFE87,0xFEE8,0xFE66,0xE542,0xDC40,0xE400,0xE3E0,0xEBC0,0xE3A0,0xEBA0,0xEBA1,0xEB80,
  0xE380,0xEB80,0xEB60,0xE340,0xE340,0xE340,0xDB00,0xDB80,0xECA2,0xFE07,0xFEC9,0xFE88,
  0xFECA,0xACA6,0x0000,0x0000,0x0000,0x0000,0x0000,0x0000,0x0000,0x0000,0x0000,0x0000,
  0x0000,0x0000,0x0000,0x0000,0x0000,0x0000,0x0000,0x0000,0x0000,0x0000,0x6242,0xEE28,
  0xFE86,0xFEA7,0xFEE8,0xFEE8,0xFE05,0xED23,0xE460,0xDC00,0xDBA0,0xDB80,0xE380,0xE360,
  0xDB60,0xDB60,0xDB40,0xD340,0xD360,0xD3A0,0xEC83,0xFDC7,0xFEC7,0xFEE8,0xFEA7,0xFE67,
  0xEE28,0x6243,0x0000,0x0000,0x0000,0x0000,0x0000,0x0000,0x0000,0x0000,0x0000,0x0000,
  0x0000,0x0000,0x0000,0x0000,0x0000,0x0000,0x0000,0x0000,0x0000,0x0000,0x3960,0xD5C7,
  0xFEC7,0xFEA8,0xFEC8,0xFEE8,0xFEC8,0xFEC8,0xFE46,0xF5A4,0xED23,0xE4C2,0xE482,0xDC40,
  0xE421,0xE461,0xE482,0xE504,0xEDA5,0xFE46,0xFF09,0xFEE8,0xFEE7,0xFEE8,0xFE87,0xFEC8,
  0xDDC7,0x4160,0x0000,0x0000,0x0000,0x0000,0x0000,0x0000,0x0000,0x0000,0x0000,0x0000,
  0x0000,0x0000,0x0000,0x0000,0x0000,0x0000,0x0000,0x0000,0x0000,0x0000,0x0000,0x8363,
  0x8B83,0x6AC1,0x93A3,0xDDE8,0xFEE9,0xFEC6,0xFEE6,0xFEE7,0xFEE7,0xFEA7,0xFE67,0xFE67,
  0xFE47,0xFE67,0xFE87,0xFEE8,0xFF08,0xFEE7,0xF6A6,0xFEE8,0xDE08,0x93C3,0x72C2,0x8B83,
  0x8363,0x0000,0x0000,0x0000,0x0000,0x0000,0x0000,0x0000,0x0000,0x0000,0x0000,0x0000,
  0x0000,0x0000,0x0000,0x0000,0x0000,0x0000,0x0000,0x0000,0x0000,0x0000,0x0000,0x0000,
  0x0000,0x0000,0x0000,0x49E1,0xD5E8,0xF686,0xFE85,0xFF08,0xFF09,0xFF29,0xFEE8,0xFEC7,
  0xFEC7,0xFEE8,0xFF09,0xFF29,0xFEE8,0xFE66,0xF687,0xDDE7,0x49C1,0x0000,0x0000,0x0000,
  0x0000,0x0000,0x0000,0x0000,0x0000,0x0000,0x0000,0x0000,0x0000,0x0000,0x0000,0x0000,
  0x0000,0x0000,0x0000,0x0000,0x0000,0x0000,0x0000,0x0000,0x0000,0x0000,0x0000,0x0000,
  0x0000,0x0000,0x0000,0x0000,0x7B02,0xFECB,0xEE28,0xB485,0x9BE4,0xBCE6,0xF688,0xF665,
  0xFE65,0xF6A9,0xBD07,0x93C3,0xBC85,0xEE28,0xFEAB,0x7B22,0x0000,0x0000,0x0000,0x0000,
  0x0000,0x0000,0x0000,0x0000,0x0000,0x0000,0x0000,0x0000,0x0000,0x0000,0x0000,0x0000,
  0x0000,0x0000,0x0000,0x0000,0x0000,0x0000,0x0000,0x0000,0x0000,0x0000,0x0000,0x0000,
  0x0000,0x0000,0x0000,0x0000,0x3120,0x8B85,0x5A01,0x0000,0x0000,0x20A0,0x8322,0xEE49,
  0xEE29,0x8342,0x20C0,0x0000,0x0000,0x5A01,0x8B85,0x3920,0x0000,0x0000,0x0000,0x0000,
  0x0000,0x0000,0x0000,0x0000,0x0000,0x0000,0x0000,0x0000,0x0000,0x0000,0x0000,0x0000,
  0x0000,0x0000,0x0000,0x0000,0x0000,0x0000,0x0000,0x0000,0x0000,0x0000,0x0000,0x0000,
  0x0000,0x0000,0x0000,0x0000,0x0000,0x0000,0x0000,0x0000,0x0000,0x0000,0x0000,0x72E4,
  0x7B05,0x0000,0x0000,0x0000,0x0000,0x0000,0x0000,0x0000,0x0000,0x0000,0x0000,0x0000,
  0x0000,0x0000,0x0000,0x0000,0x0000,0x0000,0x0000,0x0000,0x0000,0x0000,0x0000,0x0000,
  0x0000,0x0000,0x0000,0x0000,0x0000,0x0000,0x0000,0x0000,0x0000,0x0000,0x0000,0x0000,
  0x0000,0x0000,0x0000,0x0000,0x0000,0x0000,0x0000,0x0000,0x0000,0x0000,0x0000,0x0000,
  0x0000,0x0000,0x0000,0x0000,0x0000,0x0000,0x0000,0x0000,0x0000,0x0000,0x0000,0x0000,
  0x0000,0x0000,0x0000,0x0000,0x0000,0x0000,0x0000,0x0000,0x0000,0x0000,0x0000,0x0000,
  0x0000,0x0000,0x0000,0x0000,0x0000,0x0000,0x0000,0x0000,0x0000,0x0000,0x0000,0x0000,
  0x0000,0x0000,0x0000,0x0000,0x0000,0x0000,0x0000,0x0000,0x0000,0x0000,0x0000,0x0000,
  0x0000,0x0000,0x0000,0x0000,0x0000,0x0000,0x0000,0x0000,0x0000,0x0000,0x0000,0x0000,
  0x0000,0x0000,0x0000,0x0000,0x0000,0x0000,0x0000,0x0000,0x0000,0x0000,0x0000,0x0000,
};

static const uint16_t PROGMEM wicon_02d[] = {
  0x0000,0x0000,0x0000,0x0000,0x0000,0x0000,0x0000,0x0000,0x0000,0x0000,0x0000,0x0000,
  0x0000,0x0000,0x0000,0x0000,0x0000,0x0000,0x0000,0x0000,0x0000,0x0000,0x0000,0x0000,
  0x0000,0x0000,0x0000,0x0000,0x0000,0x0000,0x0000,0x0000,0x0000,0x0000,0x0000,0x0000,
  0x0000,0x0000,0x0000,0x0000,0x0000,0x0000,0x0000,0x0000,0x0000,0x0000,0x0000,0x0000,
  0x0000,0x0000,0x0000,0x0000,0x0000,0x0000,0x0000,0x0000,0x0000,0x0000,0x0000,0x0000,
  0x0000,0x0000,0x0000,0x0000,0x0000,0x0000,0x0000,0x0000,0x0000,0x0000,0x0000,0x0000,
  0x0000,0x0000,0x0000,0x0000,0x0000,0x0000,0x0000,0x0000,0x0000,0x0000,0x0000,0x0000,
  0x0000,0x0000,0x0000,0x0000,0x0000,0x0000,0x0000,0x0000,0x0000,0x0000,0x0000,0x0000,
  0x0000,0x0000,0x0000,0x0000,0x0000,0x0000,0x0000,0x0000,0x0000,0x0000,0x0000,0x0000,
  0x0000,0x0000,0x0000,0x0000,0x0000,0x0000,0x0000,0x0000,0x0000,0x0000,0x0000,0x0000,
  0x0000,0x0000,0x0000,0x0000,0x0000,0x0000,0x0000,0x0000,0x0000,0x0000,0x0000,0x0000,
  0x0000,0x0000,0x0000,0x0000,0x0000,0x0000,0x0000,0x0000,0x0000,0x0000,0x0000,0x0000,
  0x0000,0x0000,0x0000,0x0000,0x0000,0x0000,0x0000,0x0000,0x0000,0x0000,0x0000,0x0000,
  0x0000,0x0000,0x0000,0x0000,0x0000,0x0000,0x0000,0x0000,0x0000,0x0000,0x0000,0x0000,
  0x0000,0x0000,0x0000,0x0000,0x0000,0x0000,0x0000,0x0000,0x0000,0x0000,0x0000,0x0000,
  0x0000,0x0000,0x0000,0x0000,0x0000,0x0000,0x0000,0x0000,0x0000,0x0000,0x0000,0x0000,
  0x0000,0x0000,0x0000,0x0000,0x0000,0x0000,0x0000,0x0000,0x0000,0x0000,0x0000,0x0000,
  0x0000,0x0000,0x0000,0x0000,0x0000,0x0000,0x0000,0x0000,0x0000,0x0000,0x0000,0x0000,
  0x0000,0x0000,0x0000,0x0000,0x0000,0x0000,0x0000,0x0000,0x0000,0x0000,0x0000,0x0000,
  0x0000,0x0000,0x0000,0x0000,0x0000,0x0000,0x0000,0x0000,0x0000,0x0000,0x0000,0x0000,
  0x0000,0x0000,0x0000,0x0000,0x0000,0x0000,0x0000,0x0000,0x0000,0x0000,0x0000,0x0000,
  0x0000,0x0000,0x0000,0x0000,0x0000,0x0000,0x0000,0x0000,0x0000,0x0000,0x0000,0x0000,
  0x0000,0x0000,0x0000,0x0000,0x0000,0x0000,0x0000,0x0000,0x0000,0x0000,0x0000,0x0000,
  0x0000,0x0000,0x0000,0x0000,0x0000,0x0000,0x0000,0x0000,0x0000,0x0000,0x0000,0x0000,
  0x0000,0x0000,0x0000,0x0000,0x0000,0x0000,0x0000,0x0000,0x0000,0x0000,0x0000,0x0000,
  0x0000,0x0000,0x0000,0x0000,0x0000,0x0000,0x0000,0x0000,0x0000,0x0000,0x0000,0x0000,
  0x0000,0x0000,0x0000,0x0000,0x0000,0x0000,0x0000,0x0000,0x0000,0x0000,0x0000,0x0000,
  0x0000,0x0000,0x0000,0x0000,0x0000,0x0000,0x0000,0x0000,0x0000,0x0000,0x0000,0x0000,
  0x0000,0x0000,0x0000,0x0000,0x0000,0x0000,0x0000,0x0000,0x0000,0x0000,0x0000,0x0000,
  0x0000,0x0000,0x0000,0x0000,0x0000,0x0000,0x0000,0x0000,0x0000,0x0000,0x0000,0x0000,
  0x0000,0x0000,0x0000,0x0000,0x0000,0x0000,0x0000,0x0000,0x0000,0x0000,0x0000,0x0000,
  0x0000,0x0000,0x0000,0x0000,0x0000,0x0000,0x0000,0x0000,0x0000,0x0000,0x0000,0x0000,
  0x0000,0x0000,0x0000,0x0000,0x0000,0x0000,0x0000,0x0000,0x0000,0x0000,0x0000,0x0000,
  0x0000,0x0000,0x0000,0x0000,0x0000,0x0000,0x0000,0x0000,0x0000,0x0000,0x0000,0x0000,
  0x0000,0x0000,0x0000,0x0000,0x0000,0x0000,0x2841,0x5923,0x9246,0xAAC8,0xC349,0xBB49,
  0xAAE8,0x9246,0x6983,0x3861,0x0000,0x0000,0x0000,0x0000,0x0000,0x0000,0x0000,0x0000,
  0x0000,0x0000,0x0000,0x0000,0x0000,0x0000,0x0000,0x0000,0x0000,0x0000,0x0000,0x0000,
  0x0000,0x0000,0x0000,0x0000,0x0000,0x0000,0x0000,0x0000,0x0000,0x0000,0x0000,0x0000,
  0x0000,0x0000,0x0000,0x0000,0x3061,0x79C5,0xB309,0xD3AB,0xE3AB,0xE3AB,0xE38A,0xE38A,
  0xE3CA,0xE3CA,0xDBEB,0xB32A,0x8A06,0x40A2,0x0000,0x0000,0x0000,0x0000,0x0000,0x0000,
  0x0000,0x0000,0x0000,0x0000,0x0000,0x0000,0x0000,0x0000,0x0000,0x0000,0x0000,0x0000,
  0x0000,0x0000,0x0000,0x0000,0x0000,0x0000,0x0000,0x0000,0x0000,0x0000,0x0000,0x0000,
  0x0000,0x0000,0x0000,0x5123,0xB329,0xE3CB,0xEBA9,0xE388,0xEB69,0xE36A,0xEB6A,0xE36A,
  0xE369,0xE388,0xE369,0xE3AB,0xE3CC,0xC36B,0x71A5,0x0000,0x0000,0x0000,0x0000,0x0000,
  0x0000,0x0000,0x0000,0x0000,0x0000,0x0000,0x0000,0x0000,0x0000,0x0000,0x0000,0x0000,
  0x0000,0x0000,0x0000,0x0000,0x0000,0x0000,0x10C3,0x0000,0x0000,0x0000,0x0000,0x0000,
  0x0000,0x0000,0x69A4,0xCBAC,0xE3CB,0xE369,0xEB69,0xE368,0xE389,0xEB6A,0xEB6A,0xEB6A,
  0xEB69,0xEB89,0xE369,0xE38A,0xE36A,0xEBAB,0xDBAB,0x8A47,0x0000,0x0000,0x0000,0x0000,
  0x0000,0x0000,0x0000,0x0000,0x0000,0x0000,0x0000,0x0000,0x0000,0x0000,0x0000,0x0000,
  0x0000,0x0000,0x10A2,0x4A8A,0x8C51,0xB596,0xBE17,0xB5B6,0x8C71,0x52AB,0x10C3,0x0000,
  0x0000,0x71C5,0xDBEC,0xE38B,0xE36A,0xEB69,0xEB68,0xEB89,0xE38A,0xEB8A,0xEB69,0xF349,
  0xF34A,0xEB6A,0xEB8A,0xE369,0xEB49,0xEB69,0xE36A,0xDBEB,0x8A67,0x0000,0x0000,0x0000,
  0x0000,0x0000,0x0000,0x0000,0x0000,0x0000,0x0000,0x0000,0x0000,0x0000,0x0000,0x0000,
  0x0000,0x5AAA,0xBDF8,0xF7BE,0xFFFF,0xF7BE,0xF7BE,0xFFDE,0xFFFF,0xEF9F,0xBE38,0x5248,
  0x48C2,0xC34A,0xEBCB,0xEB4A,0xEB69,0xE368,0xF389,0xF369,0xE36A,0xEB6A,0xF369,0xF369,
  0xEB6A,0xEB6A,0xEB69,0xEB69,0xF34A,0xEB69,0xEB89,0xE389,0xD40B,0x7A05,0x0000,0x0000,
  0x0000,0x0000,0x0000,0x0000,0x0000,0x0000,0x0000,0x0000,0x0000,0x0000,0x0000,0x0000,
  0x7BEF,0xF77E,0xFFFF,0xEF9E,0xEF7E,0xF7BE,0xEF9D,0xF79D,0xEF5D,0xEF9E,0xF7FF,0xF77C,
  0xDD73,0xBB09,0xE368,0xEB8A,0xEB69,0xEB69,0xEB69,0xEB69,0xEB6A,0xEB69,0xEB68,0xEB69,
  0xEB69,0xE389,0xEB69,0xEB69,0xEB69,0xEB69,0xEB69,0xEB69,0xE38A,0xCBAB,0x48E2,0x0000,
  0x0000,0x0000,0x0000,0x0000,0x0000,0x0000,0x0000,0x0000,0x0000,0x0000,0x0000,0x8410,
  0xFFDF,0xFFBE,0xEF7E,0xF7BE,0xF79E,0xEF9D,0xF7BD,0xF79D,0xF79E,0xF79E,0xEF9E,0xF7BD,
  0xFFDD,0xE592,0xC307,0xE389,0xEB8A,0xEB6A,0xEB69,0xEB89,0xEB69,0xEB69,0xEB89,0xEB69,
  0xEB6A,0xE389,0xE389,0xEB69,0xEB69,0xEB69,0xF349,0xF349,0xEB4A,0xE3CC,0x9268,0x0000,
  0x0000,0x0000,0x0000,0x0000,0x0000,0x0000,0x0000,0x0000,0x0000,0x0000,0x4A49,0xEF7D,
  0xF79E,0xEF7D,0xEF7E,0xF79E,0xF7BE,0xF79E,0xF79D,0xF79E,0xF79E,0xF77E,0xF7BE,0xEF7D,
  0xF79C,0xFF9C,0xD4AF,0xC308,0xEB8A,0xEB4A,0xEB69,0xEB89,0xE389,0xEB69,0xEB69,0xEB6A,
  0xEB6A,0xEB6A,0xEB69,0xEB69,0xEB69,0xF369,0xF34A,0xF34A,0xF36A,0xE38A,0xC38B,0x58A1,
  0x0000,0x0000,0x0000,0x0000,0x0000,0x0000,0x0000,0x0000,0x0000,0x0000,0xBDD7,0xFFFF,
  0xEF7D,0xF79E,0xF7BE,0xF79E,0xF7BE,0xF79E,0xF79E,0xF79E,0xF77D,0xFF9E,0xF79D,0xF7BD,
  0xEF9D,0xFFDE,0xFED9,0xD38B,0xE329,0xF36A,0xEB69,0xEB89,0xEB89,0xEB89,0xF369,0xEB6A,
  0xEB6A,0xF34A,0xF369,0xEB69,0xEB69,0xEB69,0xEB6A,0xF34A,0xEB69,0xE369,0xE3EB,0x89A3,
  0x0000,0x0000,0x0000,0x0000,0x0000,0x0000,0x0000,0x0000,0x0000,0x4208,0xE73C,0xF79E,
  0xF79E,0xF79E,0xF79E,0xF79E,0xEF9E,0xF79E,0xF77E,0xF79E,0xF79E,0xF79D,0xF77D,0xF79D,
  0xEFBE,0xF7BE,0xFFBE,0xDC6F,0xDB29,0xE329,0xD308,0xD328,0xD307,0xE348,0xEB89,0xEB89,
  0xEB69,0xF34A,0xF369,0xEB69,0xEB69,0xEB6A,0xEB6A,0xEB69,0xEB69,0xE369,0xE3AA,0xBA86,
  0x0000,0x0000,0x0000,0x0000,0x0000,0x0000,0x0000,0x0000,0x0000,0x6B6D,0xFFFF,0xF79E,
  0xF79E,0xF79E,0xF79E,0xF7BD,0xEF9E,0xF79E,0xF77E,0xF79E,0xF79E,0xF79D,0xF79D,0xF79E,
  0xEFBE,0xEF9E,0xFFDE,0xED33,0xBAA9,0xD42E,0xED32,0xED92,0xE531,0xCBEC,0xD308,0xE389,
  0xE369,0xEB69,0xF369,0xEB69,0xEB69,0xE36A,0xE38A,0xEB69,0xEB69,0xEB69,0xE3A9,0xCB07,
  0x0000,0x0000,0x0000,0x0000,0x0000,0x0000,0x0000,0x0000,0x0000,0x94B2,0xFFFF,0xEF7D,
  0xF79E,0xF79E,0xF79E,0xF79D,0xEFBE,0xF79E,0xFF7E,0xF79E,0xEF9E,0xEFBD,0xF79D,0xFF7E,
  0xF79F,0xEF9E,0xFFBE,0xF637,0xE554,0xFF5C,0xFFBD,0xFFBC,0xFFBC,0xFF1A,0xE4F1,0xC329,
  0xDB69,0xEB89,0xEB68,0xEB69,0xEB69,0xE36A,0xE38A,0xEB69,0xEB69,0xEB89,0xE389,0xD327,
  0x0000,0x0000,0x0000,0x0000,0x0000,0x0000,0x0000,0x0000,0x0000,0x9CD3,0xFFFF,0xEF7D,
  0xF79E,0xF79E,0xF79E,0xF79D,0xF7BE,0xF79E,0xFF7E,0xF79E,0xEFBE,0xEFBD,0xF79D,0xFF7E,
  0xF77E,0xF79E,0xEF9D,0xFF9D,0xFFFF,0xF79E,0xEF9E,0xEF9D,0xF77E,0xFF7E,0xFFBE,0xEDB4,
  0xC309,0xE389,0xEB88,0xEB69,0xEB69,0xEB6A,0xEB89,0xEB69,0xEB69,0xEB49,0xE369,0xDB48,
  0x0000,0x0000,0x0000,0x0000,0x0000,0x0000,0x0000,0x0000,0x0000,0x7BCF,0xFFFF,0xF79E,
  0xF79E,0xF79E,0xF79E,0xF79D,0xF79E,0xF79E,0xF79E,0xF79E,0xEF9E,0xEFBE,0xF79E,0xF79E,
  0xF77E,0xF77E,0xF79E,0xF79D,0xF79E,0xEF9E,0xEF9E,0xEFBE,0xEF9E,0xF79E,0xF77D,0xFF7C,
  0xDCB0,0xD307,0xEB88,0xEB69,0xF369,0xEB69,0xEB69,0xEB69,0xEB69,0xEB69,0xF38A,0xDAE8,
  0x0000,0x0000,0x0000,0x0000,0x0000,0x4A49,0x8430,0x9CD3,0x9CD3,0xC618,0xFFDF,0xEF7D,
  0xF79E,0xF79E,0xF79E,0xF79E,0xF79E,0xF79E,0xF79E,0xF79E,0xF79E,0xF79E,0xF79E,0xF79E,
  0xF79E,0xF77E,0xF77E,0xF79D,0xF79D,0xF79D,0xF7BE,0xF79D,0xEF9E,0xF79E,0xF77D,0xFF9E,
  0xFE77,0xD348,0xE368,0xEB89,0xF369,0xF369,0xEB69,0xEB69,0xEB69,0xEB6A,0xEB6A,0xD2C8,
  0x0000,0x0000,0x0000,0x3186,0xA514,0xEF7D,0xF7BE,0xF7BE,0xF7BE,0xF7BE,0xF79E,0xF79E,
  0xF79E,0xF79E,0xF79E,0xF79E,0xF79E,0xF79E,0xF79E,0xF79E,0xF79E,0xF79E,0xF79E,0xF79E,
  0xF7BD,0xEF9E,0xF79E,0xF7BD,0xEFBD,0xF79D,0xF79E,0xF79E,0xF7BE,0xFF7D,0xFF7D,0xFFDE,
  0xFEFA,0xDBCB,0xE369,0xEB8A,0xEB69,0xEB68,0xEB89,0xEB69,0xEB6A,0xE36A,0xE38A,0xAA25,
  0x0000,0x0000,0x4A49,0xDEDB,0xFFFF,0xF79E,0xF79E,0xF79E,0xF79E,0xF79E,0xF79E,0xF79E,
  0xF79E,0xF79E,0xF79E,0xF79E,0xF79E,0xF79E,0xF79E,0xF79E,0xF79E,0xF79E,0xF79E,0xF79E,
  0xF7BD,0xF79E,0xEF9E,0xF7BE,0xEF9D,0xF79D,0xF7BE,0xF79E,0xFF7E,0xFF7E,0xF75D,0xFFFE,
  0xFEF9,0xD34A,0xDB08,0xE369,0xF389,0xEB69,0xE369,0xE38A,0xE38A,0xE36A,0xDBCC,0x68E2,
  0x0000,0x39E7,0xE71C,0xFFDF,0xEF7D,0xF79E,0xF79E,0xF79E,0xF79E,0xF79E,0xF79E,0xF79E,
  0xF79E,0xF79E,0xF79E,0xF79E,0xF79E,0xF79E,0xF79E,0xF79E,0xF79E,0xF79E,0xF79E,0xF79E,
  0xF79E,0xF79E,0xF79E,0xF79E,0xF7BE,0xF79D,0xEFBD,0xF7BE,0xFF7E,0xFF7F,0xF79E,0xF7FD,
  0xEEB7,0xCB4A,0xD369,0xD369,0xDB08,0xE349,0xEBAB,0xE3AA,0xE369,0xEBAB,0xB2E9,0x3820,
  0x0000,0xAD75,0xFFFF,0xEF5D,0xF79E,0xF79E,0xF79E,0xF79E,0xF79E,0xF79E,0xF79E,0xF79E,
  0xF79E,0xF79E,0xF79E,0xF79E,0xF79E,0xF79E,0xF79E,0xF79E,0xF79E,0xF79E,0xF79E,0xF79E,
  0xF79E,0xF79E,0xF79E,0xF79E,0xF79E,0xF79D,0xF79D,0xF7BD,0xFF9E,0xF75E,0xF79E,0xEFDE,
  0xEF9B,0xFF19,0xFF19,0xF6B8,0xED52,0xCB6A,0xD328,0xEB89,0xE389,0xE3EC,0x69A4,0x0000,
  0x4A49,0xF7BE,0xEF7D,0xF79E,0xF7BE,0xF79E,0xF79E,0xF79E,0xF79E,0xF79E,0xF79E,0xF79E,
  0xF79E,0xF79E,0xF79E,0xF79E,0xF79E,0xF79E,0xF79E,0xF79E,0xF79E,0xF79E,0xF79E,0xF79E,
  0xF79E,0xF79E,0xF79E,0xEF9E,0xF79E,0xF79D,0xF79D,0xF7BD,0xF79D,0xFF9D,0xFF7E,0xEF9E,
  0xEFDE,0xF7FE,0xF7DE,0xFFDF,0xFF9D,0xF697,0xCBEB,0xCB28,0xEC0C,0x9AA8,0x0000,0x0000,
  0x9CF3,0xFFDF,0xEF7D,0xF79E,0xF79E,0xF79E,0xF79E,0xF79E,0xF79E,0xF79E,0xF79E,0xF79E,
  0xF79E,0xF79E,0xF79E,0xF79E,0xF79E,0xF79E,0xF79E,0xF79E,0xF79E,0xF79E,0xF79E,0xF79E,
  0xF79E,0xF79E,0xF79E,0xEFBE,0xEFBE,0xF79E,0xF7BD,0xEFBD,0xF7BD,0xF7BD,0xFF7E,0xF79E,
  0xF7BF,0xEF9E,0xEF9F,0xF77F,0xFF9E,0xFFDD,0xF718,0xC3EC,0xA2C8,0x38A2,0x0000,0x0000,
  0xCE79,0xF7BE,0xF79E,0xEF7D,0xF79E,0xF79E,0xF79E,0xF79E,0xF79E,0xF79E,0xF79E,0xF79E,
  0xF79E,0xF79E,0xF79E,0xF79E,0xF79E,0xF79E,0xF79E,0xF79E,0xF79E,0xF79E,0xF79E,0xF79E,
  0xF79E,0xF79E,0xF79E,0xF79E,0xF79E,0xF79E,0xF79E,0xF79E,0xF79D,0xF79D,0xF79D,0xF79E,
  0xF79E,0xF77E,0xF79E,0xF77E,0xFF9F,0xF77D,0xFFFE,0xD574,0x3060,0x0000,0x0000,0x0000,
  0xDEFB,0xF79E,0xEF7D,0xF79E,0xF79E,0xF79E,0xF79E,0xF79E,0xF79E,0xF79E,0xF79E,0xF79E,
  0xF79E,0xF79E,0xF79E,0xF79E,0xF79E,0xF79E,0xF79E,0xF79E,0xF79E,0xF79E,0xF79E,0xF79E,
  0xF79E,0xF79E,0xF79E,0xF79E,0xF79E,0xF79E,0xF79E,0xF79E,0xF77E,0xF77D,0xF79D,0xF79D,
  0xF79E,0xF77E,0xF79D,0xFFBE,0xFF7E,0xF77E,0xFFBE,0xE69A,0x2904,0x0000,0x0000,0x0000,
  0xD6BA,0xF7BE,0xF79E,0xF79E,0xF79E,0xF79E,0xF79E,0xF79E,0xF79E,0xF79E,0xF79E,0xF79E,
  0xF79E,0xF79E,0xF79E,0xF79E,0xF79E,0xF79E,0xF79E,0xF79E,0xF79E,0xF79E,0xF79E,0xF79E,
  0xF79E,0xF79E,0xEFBE,0xF79E,0xF79E,0xF79E,0xF79E,0xF79E,0xF79E,0xF79E,0xF79D,0xEFBD,
  0xEFBD,0xEFBD,0xEFBD,0xEFBD,0xF77D,0xF77E,0xF79E,0xF79E,0x4A49,0x0000,0x0000,0x0000,
  0xAD75,0xF7BE,0xF79E,0xF79E,0xF79E,0xF79E,0xF79E,0xF79E,0xF79E,0xF79E,0xF79E,0xF79E,
  0xF79E,0xF79E,0xF79E,0xF79E,0xF79E,0xF79E,0xF79E,0xF79E,0xF79E,0xF79E,0xF79E,0xF79E,
  0xF79E,0xF79E,0xEFBE,0xF79D,0xF79E,0xEFBE,0xEFBE,0xF79E,0xF79E,0xF79E,0xF79E,0xF79D,
  0xF79D,0xF7BD,0xEF9D,0xF79D,0xF79D,0xF79E,0xF7BE,0xEF7E,0x4A6A,0x0000,0x0000,0x0000,
  0x5AEB,0xFFFF,0xEF7D,0xF79E,0xF79E,0xF7BE,0xF79E,0xF79E,0xF79E,0xF79E,0xF79E,0xF79E,
  0xF79E,0xF79E,0xF79E,0xF79E,0xF79E,0xF79E,0xF79E,0xF79E,0xF79E,0xF79E,0xF79E,0xF79E,
  0xF79E,0xF79E,0xEFBE,0xEFBD,0xEFBD,0xEFBD,0xEFBD,0xF79E,0xF79E,0xF79E,0xF79E,0xF79E,
  0xF79D,0xF79E,0xFFBE,0xF79E,0xF7BD,0xEFBE,0xEFBF,0xEF9E,0x4249,0x0000,0x0000,0x0000,
  0x18C3,0xC618,0xFFDF,0xEF5D,0xF7BE,0xF7BE,0xF79E,0xF79E,0xF79E,0xF79E,0xF79E,0xF79E,
  0xF79E,0xF79E,0xF79E,0xF79E,0xF79E,0xF79E,0xF79E,0xF79E,0xF79E,0xF79E,0xF79E,0xF79E,
  0xF79E,0xF79E,0xF79E,0xEFBD,0xF7BD,0xF7BD,0xF79D,0xF79E,0xF79E,0xF79E,0xF79E,0xF79E,
  0xF79E,0xF79E,0xF77E,0xF79D,0xF7BE,0xF79E,0xF79F,0xDEFC,0x2165,0x0000,0x0000,0x0000,
  0x0000,0x528A,0xF79E,0xF79E,0xEF7D,0xF79E,0xF79E,0xF79E,0xF79E,0xF79E,0xF79E,0xF79E,
  0xF79E,0xF79E,0xF79E,0xF79E,0xF79E,0xF79E,0xF79E,0xF79E,0xF79E,0xF79E,0xF79E,0xF79E,
  0xF79E,0xF79E,0xF79E,0xF79E,0xF79D,0xF79D,0xF79E,0xF79E,0xF79E,0xF79E,0xF79E,0xF79E,
  0xF79E,0xF79E,0xF79E,0xF79E,0xF79E,0xEF7D,0xFFDF,0x7C10,0x0000,0x0000,0x0000,0x0000,
  0x0000,0x0000,0x6B6D,0xF7BE,0xFFDF,0xEF7D,0xF79E,0xF79E,0xF79E,0xF79E,0xF79E,0xF79E,
  0xF79E,0xF79E,0xF79E,0xF79E,0xF79E,0xF79E,0xF79E,0xF79E,0xF79E,0xF79E,0xF79E,0xF79E,
  0xF79E,0xF79E,0xF79E,0xF79E,0xF79D,0xF79E,0xF79E,0xF79E,0xF79E,0xF79E,0xF79D,0xF7BD,
  0xF79D,0xF79E,0xF79E,0xEF9E,0xF79E,0xFFFF,0xBDF6,0x10C2,0x0000,0x0000,0x0000,0x0000,
  0x0000,0x0000,0x0000,0x52AA,0xD69A,0xFFDF,0xF7BE,0xF7BE,0xF7BE,0xF7BE,0xF7BE,0xF7BE,
  0xF7BE,0xF7BE,0xF7BE,0xF7BE,0xF7BE,0xF7BE,0xF7BE,0xF7BE,0xF7BE,0xF7BE,0xF7BE,0xF7BE,
  0xF7BE,0xF7BF,0xF7BF,0xF7BE,0xF7BE,0xF7BE,0xF7BF,0xF7BF,0xF7BF,0xF7BE,0xF7BE,0xF7BE,
  0xF7BE,0xF7BE,0xF7BE,0xF7DF,0xF7BE,0xB596,0x2124,0x0000,0x0000,0x0000,0x0000,0x0000,
  0x0000,0x0000,0x0000,0x0000,0x2124,0x7BCF,0xC618,0xCE79,0xD6BA,0xD6BA,0xD6BA,0xD6BA,
  0xD6BA,0xD6BA,0xD6BA,0xD6BA,0xD6BA,0xD6BA,0xD6BA,0xD6BA,0xD6BA,0xD6BA,0xD6BA,0xD6BA,
  0xD6BA,0xD6BA,0xD6BA,0xD6BA,0xD6BA,0xD6BA,0xD6BA,0xD6BA,0xD6BA,0xD6BA,0xD6BA,0xD6BA,
  0xD6BA,0xD6BA,0xD69A,0xBDF7,0x6B6D,0x0000,0x0000,0x0000,0x0000,0x0000,0x0000,0x0000,
  0x0000,0x0000,0x0000,0x0000,0x0000,0x0000,0x0000,0x0000,0x0000,0x0000,0x0000,0x0000,
  0x0000,0x0000,0x0000,0x0000,0x0000,0x0000,0x0000,0x0000,0x0000,0x0000,0x0000,0x0000,
  0x0000,0x0000,0x0000,0x0000,0x0000,0x0000,0x0000,0x0000,0x0000,0x0000,0x0000,0x0000,
  0x0000,0x0000,0x0000,0x0000,0x0000,0x0000,0x0000,0x0000,0x0000,0x0000,0x0000,0x0000,
  0x0000,0x0000,0x0000,0x0000,0x0000,0x0000,0x0000,0x0000,0x0000,0x0000,0x0000,0x0000,
  0x0000,0x0000,0x0000,0x0000,0x0000,0x0000,0x0000,0x0000,0x0000,0x0000,0x0000,0x0000,
  0x0000,0x0000,0x0000,0x0000,0x0000,0x0000,0x0000,0x0000,0x0000,0x0000,0x0000,0x0000,
  0x0000,0x0000,0x0000,0x0000,0x0000,0x0000,0x0000,0x0000,0x0000,0x0000,0x0000,0x0000,
  0x0000,0x0000,0x0000,0x0000,0x0000,0x0000,0x0000,0x0000,0x0000,0x0000,0x0000,0x0000,
  0x0000,0x0000,0x0000,0x0000,0x0000,0x0000,0x0000,0x0000,0x0000,0x0000,0x0000,0x0000,
  0x0000,0x0000,0x0000,0x0000,0x0000,0x0000,0x0000,0x0000,0x0000,0x0000,0x0000,0x0000,
  0x0000,0x0000,0x0000,0x0000,0x0000,0x0000,0x0000,0x0000,0x0000,0x0000,0x0000,0x0000,
  0x0000,0x0000,0x0000,0x0000,0x0000,0x0000,0x0000,0x0000,0x0000,0x0000,0x0000,0x0000,
  0x0000,0x0000,0x0000,0x0000,0x0000,0x0000,0x0000,0x0000,0x0000,0x0000,0x0000,0x0000,
  0x0000,0x0000,0x0000,0x0000,0x0000,0x0000,0x0000,0x0000,0x0000,0x0000,0x0000,0x0000,
  0x0000,0x0000,0x0000,0x0000,0x0000,0x0000,0x0000,0x0000,0x0000,0x0000,0x0000,0x0000,
  0x0000,0x0000,0x0000,0x0000,0x0000,0x0000,0x0000,0x0000,0x0000,0x0000,0x0000,0x0000,
  0x0000,0x0000,0x0000,0x0000,0x0000,0x0000,0x0000,0x0000,0x0000,0x0000,0x0000,0x0000,
  0x0000,0x0000,0x0000,0x0000,0x0000,0x0000,0x0000,0x0000,0x0000,0x0000,0x0000,0x0000,
  0x0000,0x0000,0x0000,0x0000,0x0000,0x0000,0x0000,0x0000,0x0000,0x0000,0x0000,0x0000,
  0x0000,0x0000,0x0000,0x0000,0x0000,0x0000,0x0000,0x0000,0x0000,0x0000,0x0000,0x0000,
  0x0000,0x0000,0x0000,0x0000,0x0000,0x0000,0x0000,0x0000,0x0000,0x0000,0x0000,0x0000,
  0x0000,0x0000,0x0000,0x0000,0x0000,0x0000,0x0000,0x0000,0x0000,0x0000,0x0000,0x0000,
  0x0000,0x0000,0x0000,0x0000,0x0000,0x0000,0x0000,0x0000,0x0000,0x0000,0x0000,0x0000,
  0x0000,0x0000,0x0000,0x0000,0x0000,0x0000,0x0000,0x0000,0x0000,0x0000,0x0000,0x0000,
  0x0000,0x0000,0x0000,0x0000,0x0000,0x0000,0x0000,0x0000,0x0000,0x0000,0x0000,0x0000,
  0x0000,0x0000,0x0000,0x0000,0x0000,0x0000,0x0000,0x0000,0x0000,0x0000,0x0000,0x0000,
  0x0000,0x0000,0x0000,0x0000,0x0000,0x0000,0x0000,0x0000,0x0000,0x0000,0x0000,0x0000,
  0x0000,0x0000,0x0000,0x0000,0x0000,0x0000,0x0000,0x0000,0x0000,0x0000,0x0000,0x0000,
  0x0000,0x0000,0x0000,0x0000,0x0000,0x0000,0x0000,0x0000,0x0000,0x0000,0x0000,0x0000,
  0x0000,0x0000,0x0000,0x0000,0x0000,0x0000,0x0000,0x0000,0x0000,0x0000,0x0000,0x0000,
  0x0000,0x0000,0x0000,0x0000,0x0000,0x0000,0x0000,0x0000,0x0000,0x0000,0x0000,0x0000,
};

static const uint16_t PROGMEM wicon_03d[] = {
  0x0000,0x0000,0x0000,0x0000,0x0000,0x0000,0x0000,0x0000,0x0000,0x0000,0x0000,0x0000,
  0x0000,0x0000,0x0000,0x0000,0x0000,0x0000,0x0000,0x0000,0x0000,0x0000,0x0000,0x0000,
  0x0000,0x0000,0x0000,0x0000,0x0000,0x0000,0x0000,0x0000,0x0000,0x0000,0x0000,0x0000,
  0x0000,0x0000,0x0000,0x0000,0x0000,0x0000,0x0000,0x0000,0x0000,0x0000,0x0000,0x0000,
  0x0000,0x0000,0x0000,0x0000,0x0000,0x0000,0x0000,0x0000,0x0000,0x0000,0x0000,0x0000,
  0x0000,0x0000,0x0000,0x0000,0x0000,0x0000,0x0000,0x0000,0x0000,0x0000,0x0000,0x0000,
  0x0000,0x0000,0x0000,0x0000,0x0000,0x0000,0x0000,0x0000,0x0000,0x0000,0x0000,0x0000,
  0x0000,0x0000,0x0000,0x0000,0x0000,0x0000,0x0000,0x0000,0x0000,0x0000,0x0000,0x0000,
  0x0000,0x0000,0x0000,0x0000,0x0000,0x0000,0x0000,0x0000,0x0000,0x0000,0x0000,0x0000,
  0x0000,0x0000,0x0000,0x0000,0x0000,0x0000,0x0000,0x0000,0x0000,0x0000,0x0000,0x0000,
  0x0000,0x0000,0x0000,0x0000,0x0000,0x0000,0x0000,0x0000,0x0000,0x0000,0x0000,0x0000,
  0x0000,0x0000,0x0000,0x0000,0x0000,0x0000,0x0000,0x0000,0x0000,0x0000,0x0000,0x0000,
  0x0000,0x0000,0x0000,0x0000,0x0000,0x0000,0x0000,0x0000,0x0000,0x0000,0x0000,0x0000,
  0x0000,0x0000,0x0000,0x0000,0x0000,0x0000,0x0000,0x0000,0x0000,0x0000,0x0000,0x0000,
  0x0000,0x0000,0x0000,0x0000,0x0000,0x0000,0x0000,0x0000,0x0000,0x0000,0x0000,0x0000,
  0x0000,0x0000,0x0000,0x0000,0x0000,0x0000,0x0000,0x0000,0x0000,0x0000,0x0000,0x0000,
  0x0000,0x0000,0x0000,0x0000,0x0000,0x0000,0x0000,0x0000,0x0000,0x0000,0x0000,0x0000,
  0x0000,0x0000,0x0000,0x0000,0x0000,0x0000,0x0000,0x0000,0x0000,0x0000,0x0000,0x0000,
  0x0000,0x0000,0x0000,0x0000,0x0000,0x0000,0x0000,0x0000,0x0000,0x0000,0x0000,0x0000,
  0x0000,0x0000,0x0000,0x0000,0x0000,0x0000,0x0000,0x0000,0x0000,0x0000,0x0000,0x0000,
  0x0000,0x0000,0x0000,0x0000,0x0000,0x0000,0x0000,0x0000,0x0000,0x0000,0x0000,0x0000,
  0x0000,0x0000,0x0000,0x0000,0x0000,0x0000,0x0000,0x0000,0x0000,0x0000,0x0000,0x0000,
  0x0000,0x0000,0x0000,0x0000,0x0000,0x0000,0x0000,0x0000,0x0000,0x0000,0x0000,0x0000,
  0x0000,0x0000,0x0000,0x0000,0x0000,0x0000,0x0000,0x0000,0x0000,0x0000,0x0000,0x0000,
  0x0000,0x0000,0x0000,0x0000,0x0000,0x0000,0x0000,0x0000,0x0000,0x0000,0x0000,0x0000,
  0x0000,0x0000,0x0000,0x0000,0x0000,0x0000,0x0000,0x0000,0x0000,0x0000,0x0000,0x0000,
  0x0000,0x0000,0x0000,0x0000,0x0000,0x0000,0x0000,0x0000,0x0000,0x0000,0x0000,0x0000,
  0x0000,0x0000,0x0000,0x0000,0x0000,0x0000,0x0000,0x0000,0x0000,0x0000,0x0000,0x0000,
  0x0000,0x0000,0x0000,0x0000,0x0000,0x0000,0x0000,0x0000,0x0000,0x0000,0x0000,0x0000,
  0x0000,0x0000,0x0000,0x0000,0x0000,0x0000,0x0000,0x0000,0x0000,0x0000,0x0000,0x0000,
  0x0000,0x0000,0x0000,0x0000,0x0000,0x0000,0x0000,0x0000,0x0000,0x0000,0x0000,0x0000,
  0x0000,0x0000,0x0000,0x0000,0x0000,0x0000,0x0000,0x0000,0x0000,0x0000,0x0000,0x0000,
  0x0000,0x0000,0x0000,0x0000,0x0000,0x0000,0x0000,0x0000,0x0000,0x0000,0x0000,0x0000,
  0x0000,0x0000,0x0000,0x0000,0x0000,0x0000,0x18E3,0x2104,0x2124,0x18E3,0x0000,0x0000,
  0x0000,0x0000,0x0000,0x0000,0x0000,0x0000,0x0000,0x0000,0x0000,0x0000,0x0000,0x0000,
  0x0000,0x0000,0x0000,0x0000,0x0000,0x0000,0x0000,0x0000,0x0000,0x0000,0x0000,0x0000,
  0x0000,0x0000,0x0000,0x0000,0x0000,0x0000,0x0000,0x0000,0x0000,0x0000,0x0000,0x0000,
  0x0000,0x0000,0x0000,0x10A2,0x52AA,0x94B2,0xD69A,0xE71C,0xE73C,0xD6BA,0xA514,0x5ACB,
  0x2104,0x0000,0x0000,0x0000,0x0000,0x0000,0x0000,0x0000,0x0000,0x0000,0x0000,0x0000,
  0x0000,0x0000,0x0000,0x0000,0x0000,0x0000,0x0000,0x0000,0x0000,0x0000,0x0000,0x0000,
  0x0000,0x0000,0x0000,0x0000,0x0000,0x0000,0x0000,0x0000,0x0000,0x0000,0x0000,0x0000,
  0x0000,0x0000,0x4228,0xAD75,0xEF5D,0xF79E,0xF7BE,0xF7BE,0xF79E,0xF79E,0xF7BE,0xEF5D,
  0xBDF7,0x5ACB,0x0000,0x0000,0x0000,0x0000,0x0000,0x0000,0x0000,0x0000,0x0000,0x0000,
  0x0000,0x0000,0x0000,0x0000,0x0000,0x0000,0x0000,0x0000,0x0000,0x0000,0x0000,0x0000,
  0x0000,0x0000,0x0000,0x0000,0x0000,0x0000,0x0000,0x0000,0x0000,0x0000,0x0000,0x0000,
  0x0000,0x6B6D,0xE71C,0xFFDF,0xF79E,0xF79E,0xEF7D,0xF79E,0xF79E,0xF79E,0xEF7D,0xF79E,
  0xFFDF,0xEF5D,0x8C71,0x0000,0x0000,0x0000,0x0000,0x0000,0x0000,0x0000,0x0000,0x0000,
  0x0000,0x0000,0x0000,0x0000,0x0000,0x0000,0x0000,0x0000,0x0000,0x0000,0x0000,0x0000,
  0x0000,0x0000,0x0000,0x0000,0x0000,0x0000,0x0000,0x0000,0x0000,0x0000,0x0000,0x0000,
  0x6B6D,0xEF7D,0xF7BE,0xEF7D,0xF79E,0xEF7D,0xF7BE,0xF79E,0xF79E,0xF79E,0xF79E,0xF79E,
  0xEF7D,0xF79E,0xFFDF,0x8C71,0x0000,0x0000,0x0000,0x0000,0x0000,0x0000,0x0000,0x0000,
  0x0000,0x0000,0x0000,0x0000,0x0000,0x0000,0x0000,0x0000,0x0000,0x0000,0x0000,0x0000,
  0x0000,0x0000,0x0000,0x0000,0x0000,0x0000,0x0000,0x0000,0x0000,0x0000,0x0000,0x4A49,
  0xE71C,0xF7BE,0xF79E,0xF79E,0xF79E,0xF79E,0xF79E,0xF79E,0xF79E,0xF79E,0xF79E,0xF79E,
  0xF79E,0xF79E,0xF7BE,0xF79E,0x630C,0x0000,0x0000,0x0000,0x0000,0x0000,0x0000,0x0000,
  0x0000,0x0000,0x0000,0x0000,0x0000,0x0000,0x0000,0x0000,0x0000,0x0000,0x0000,0x0000,
  0x0000,0x0000,0x0000,0x0000,0x0000,0x0000,0x0000,0x0000,0x0000,0x0000,0x0000,0xBDD7,
  0xFFDF,0xF79E,0xF79E,0xF79E,0xF79E,0xF79E,0xF79E,0xF79E,0xF79E,0xF79E,0xF79E,0xF79E,
  0xF79E,0xF79E,0xF79E,0xF7BE,0xCE79,0x2965,0x0000,0x0000,0x0000,0x0000,0x0000,0x0000,
  0x0000,0x0000,0x0000,0x0000,0x0000,0x0000,0x0000,0x0000,0x0000,0x0000,0x0000,0x0000,
  0x0000,0x0000,0x0000,0x0000,0x0000,0x0000,0x0000,0x0000,0x0000,0x0000,0x4A69,0xE73C,
  0xF79E,0xF79E,0xF79E,0xF79E,0xF79E,0xF79E,0xF79E,0xF79E,0xF79E,0xF79E,0xF79E,0xF79E,
  0xF79E,0xF79E,0xF79E,0xF79E,0xF79E,0x738E,0x0000,0x0000,0x0000,0x0000,0x0000,0x0000,
  0x0000,0x0000,0x0000,0x0000,0x0000,0x0000,0x0000,0x0000,0x0000,0x0000,0x0000,0x0000,
  0x0000,0x0000,0x0000,0x0000,0x0000,0x0000,0x0000,0x0000,0x0000,0x0000,0x8C51,0xF7BE,
  0xF79E,0xF79E,0xF79E,0xF79E,0xF79E,0xF79E,0xF79E,0xF79E,0xF79E,0xF79E,0xF79E,0xF79E,
  0xF79E,0xF79E,0xF79E,0xF79E,0xF7BE,0xA514,0x0000,0x0000,0x0000,0x0000,0x10A2,0x0000,
  0x0000,0x0000,0x0000,0x0000,0x0000,0x0000,0x0000,0x0000,0x0000,0x0000,0x0000,0x0000,
  0x0000,0x0000,0x0000,0x0000,0x0000,0x0000,0x0000,0x0000,0x0000,0x18C3,0xB5B6,0xFFDF,
  0xEF7D,0xF79E,0xF79E,0xF79E,0xF79E,0xF79E,0xF79E,0xF79E,0xF79E,0xF79E,0xF79E,0xF79E,
  0xF79E,0xF79E,0xF79E,0xEF7D,0xFFDF,0xBDF7,0x2124,0x528A,0xA514,0xBDF7,0xBDD7,0xAD75,
  0x6B6D,0x18C3,0x0000,0x0000,0x0000,0x0000,0x0000,0x0000,0x0000,0x0000,0x0000,0x0000,
  0x0000,0x0000,0x0000,0x0000,0x0000,0x0000,0x0000,0x0000,0x0000,0x2945,0xCE79,0xF7BE,
  0xF79E,0xF79E,0xF79E,0xF79E,0xF79E,0xF79E,0xF79E,0xF79E,0xF79E,0xF79E,0xF79E,0xF79E,
  0xF79E,0xF79E,0xF79E,0xF79E,0xF7BE,0xD6BA,0xAD75,0xE71C,0xFFFF,0xFFDF,0xFFDF,0xF7BE,
  0xF79E,0xB596,0x2965,0x0000,0x0000,0x0000,0x0000,0x0000,0x0000,0x0000,0x0000,0x0000,
  0x0000,0x0000,0x0000,0x0000,0x0000,0x0000,0x0000,0x0000,0x0000,0x2124,0xCE59,0xF7BE,
  0xF79E,0xF79E,0xF79E,0xF79E,0xF79E,0xF79E,0xF79E,0xF79E,0xF79E,0xF79E,0xF79E,0xF79E,
  0xF79E,0xF79E,0xF79E,0xF79E,0xF79E,0xF79E,0xF7BE,0xF7BE,0xEF7D,0xEF7D,0xEF7D,0xF79E,
  0xF79E,0xFFDF,0xBDF7,0x18E3,0x0000,0x0000,0x0000,0x0000,0x0000,0x0000,0x0000,0x0000,
  0x0000,0x0000,0x0000,0x0000,0x0000,0x0000,0x0000,0x18C3,0x0000,0x2945,0xBDD7,0xFFDF,
  0xF79E,0xF79E,0xF79E,0xF79E,0xF79E,0xF79E,0xF79E,0xF79E,0xF79E,0xF79E,0xF79E,0xF79E,
  0xF79E,0xF79E,0xF79E,0xF79E,0xF79E,0xF79E,0xF79E,0xF79E,0xF79E,0xF79E,0xF79E,0xF79E,
  0xF79E,0xF79E,0xFFDF,0x73AE,0x0000,0x0000,0x0000,0x0000,0x0000,0x0000,0x0000,0x0000,
  0x0000,0x0000,0x0000,0x0000,0x0000,0x39C7,0x8C71,0xBDD7,0xC618,0xBDF7,0xE71C,0xF79E,
  0xF79E,0xF79E,0xF79E,0xF79E,0xF79E,0xF79E,0xF79E,0xF79E,0xF79E,0xF79E,0xF79E,0xF79E,
  0xF79E,0xF79E,0xF79E,0xF79E,0xF79E,0xF79E,0xF79E,0xF79E,0xF79E,0xF79E,0xF79E,0xF79E,
  0xF79E,0xF79E,0xF7BE,0xC638,0x0000,0x0000,0x0000,0x0000,0x0000,0x0000,0x0000,0x0000,
  0x0000,0x0000,0x0000,0x2124,0x9CD3,0xE71C,0xF7BE,0xFFFF,0xF7BE,0xFFDF,0xF7BE,0xF79E,
  0xF79E,0xF79E,0xF79E,0xF79E,0xF79E,0xF79E,0xF79E,0xF79E,0xF79E,0xF79E,0xF79E,0xF79E,
  0xF79E,0xF79E,0xF79E,0xF79E,0xF79E,0xF79E,0xF79E,0xF79E,0xF79E,0xF79E,0xF79E,0xF79E,
  0xF79E,0xF79E,0xF7BE,0xDEFB,0x31A6,0x0000,0x0000,0x0000,0x0000,0x0000,0x0000,0x0000,
  0x0000,0x0000,0x2965,0xC618,0xF7BE,0xF7BE,0xF79E,0xF79E,0xEF7D,0xF79E,0xEF7D,0xF79E,
  0xF79E,0xF79E,0xF79E,0xF79E,0xF79E,0xF79E,0xF79E,0xF79E,0xF79E,0xF79E,0xF79E,0xF79E,
  0xF79E,0xF79E,0xF79E,0xF79E,0xF79E,0xF79E,0xF79E,0xF79E,0xF79E,0xF79E,0xF79E,0xF79E,
  0xF79E,0xF79E,0xF79E,0xDEDB,0x3186,0x0000,0x0000,0x0000,0x0000,0x0000,0x0000,0x0000,
  0x0000,0x2124,0xCE59,0xFFFF,0xF79E,0xEF7D,0xF79E,0xF79E,0xF79E,0xF79E,0xF79E,0xF7BE,
  0xF79E,0xF79E,0xF79E,0xF79E,0xF79E,0xF79E,0xF79E,0xF79E,0xF79E,0xF79E,0xF79E,0xF79E,
  0xF79E,0xF79E,0xF79E,0xF79E,0xF79E,0xF79E,0xF79E,0xF79E,0xF79E,0xF79E,0xF79E,0xF79E,
  0xF79E,0xF79E,0xF7BE,0xC638,0x2124,0x18C3,0x0000,0x0000,0x0000,0x0000,0x0000,0x0000,
  0x0000,0x94B2,0xFFFF,0xEF5D,0xF79E,0xF79E,0xF79E,0xF79E,0xF7BE,0xF79E,0xF79E,0xF79E,
  0xF79E,0xF79E,0xF79E,0xF79E,0xF79E,0xF79E,0xF79E,0xF79E,0xF79E,0xF79E,0xF79E,0xF79E,
  0xF79E,0xF79E,0xF79E,0xF79E,0xF79E,0xF79E,0xF79E,0xF79E,0xF79E,0xF79E,0xF79E,0xF79E,
  0xF79E,0xF79E,0xF79E,0xDEFB,0xBDD7,0xC618,0xB596,0x7BEF,0x2945,0x0000,0x0000,0x0000,
  0x39E7,0xE73C,0xF79E,0xF79E,0xF79E,0xF79E,0xF79E,0xF79E,0xF79E,0xF79E,0xF79E,0xF79E,
  0xF79E,0xF79E,0xF79E,0xF79E,0xF79E,0xF79E,0xF79E,0xF79E,0xF79E,0xF79E,0xF79E,0xF79E,
  0xF79E,0xF79E,0xF79E,0xF79E,0xF79E,0xF79E,0xF79E,0xF79E,0xF79E,0xF79E,0xF79E,0xF79E,
  0xF79E,0xF79E,0xF79E,0xF79E,0xFFDF,0xFFDF,0xFFFF,0xF7BE,0xD69A,0x632C,0x0000,0x0000,
  0x8C51,0xF7BE,0xF79E,0xF79E,0xF79E,0xF79E,0xF79E,0xF79E,0xF79E,0xF79E,0xF79E,0xF79E,
  0xF79E,0xF79E,0xF79E,0xF79E,0xF79E,0xF79E,0xF79E,0xF79E,0xF79E,0xF79E,0xF79E,0xF79E,
  0xF79E,0xF79E,0xF79E,0xF79E,0xF79E,0xF79E,0xF79E,0xF79E,0xF79E,0xF79E,0xF79E,0xF79E,
  0xF79E,0xF79E,0xF79E,0xEF7D,0xEF7D,0xF79E,0xEF7D,0xEF7D,0xF7BE,0xEF7D,0x630C,0x0000,
  0xC638,0xF79E,0xF7BE,0xF79E,0xF7BE,0xF79E,0xF79E,0xF79E,0xF79E,0xF79E,0xF79E,0xF79E,
  0xF79E,0xF79E,0xF79E,0xF79E,0xF79E,0xF79E,0xF79E,0xF79E,0xF79E,0xF79E,0xF79E,0xF79E,
  0xF79E,0xF79E,0xF79E,0xF79E,0xF79E,0xF79E,0xF79E,0xF79E,0xF79E,0xF79E,0xF79E,0xF79E,
  0xF79E,0xF79E,0xF79E,0xF79E,0xF79E,0xF79E,0xF79E,0xF79E,0xF79E,0xF7BE,0xDEDB,0x39C7,
  0xDEDB,0xF7BE,0xF79E,0xF7BE,0xEF7D,0xF7BE,0xF79E,0xF79E,0xF79E,0xF79E,0xF79E,0xF79E,
  0xF79E,0xF79E,0xF79E,0xF79E,0xF79E,0xF79E,0xF79E,0xF79E,0xF79E,0xF79E,0xF79E,0xF79E,
  0xF79E,0xF79E,0xF79E,0xF79E,0xF79E,0xF79E,0xF79E,0xF79E,0xF79E,0xF79E,0xF79E,0xF79E,
  0xF79E,0xF79E,0xF79E,0xF79E,0xF79E,0xF79E,0xF7BE,0xEF7D,0xF79E,0xF79E,0xFFDF,0x9CD3,
  0xDEFB,0xF7BE,0xF79E,0xF7BE,0xF79E,0xF79E,0xF79E,0xF79E,0xF79E,0xF79E,0xF79E,0xF79E,
  0xF79E,0xF79E,0xF79E,0xF79E,0xF79E,0xF79E,0xF79E,0xF79E,0xF79E,0xF79E,0xF79E,0xF79E,
  0xF79E,0xF79E,0xF79E,0xF79E,0xF79E,0xF79E,0xF79E,0xF79E,0xF79E,0xF79E,0xF79E,0xF79E,
  0xF79E,0xF79E,0xF79E,0xF79E,0xF79E,0xF79E,0xF79E,0xF79E,0xF79E,0xEF7D,0xF79E,0xCE79,
  0xCE59,0xF7BE,0xEF7D,0xF79E,0xF79E,0xF79E,0xF79E,0xF79E,0xF79E,0xF79E,0xF79E,0xF79E,
  0xF79E,0xF79E,0xF79E,0xF79E,0xF79E,0xF79E,0xF79E,0xF79E,0xF79E,0xF79E,0xF79E,0xF79E,
  0xF79E,0xF79E,0xF79E,0xF79E,0xF79E,0xF79E,0xF79E,0xF79E,0xF79E,0xF79E,0xF79E,0xF79E,
  0xF79E,0xF79E,0xF79E,0xF79E,0xF79E,0xF79E,0xF79E,0xF79E,0xF79E,0xF79E,0xF79E,0xDEFB,
  0x94B2,0xF7BE,0xEF7D,0xF79E,0xF79E,0xF79E,0xF79E,0xF79E,0xF79E,0xF79E,0xF79E,0xF79E,
  0xF79E,0xF79E,0xF79E,0xF79E,0xF79E,0xF79E,0xF79E,0xF79E,0xF79E,0xF79E,0xF79E,0xF79E,
  0xF79E,0xF79E,0xF79E,0xF79E,0xF79E,0xF79E,0xF79E,0xF79E,0xF79E,0xF79E,0xF79E,0xF79E,
  0xF79E,0xF79E,0xF79E,0xF79E,0xF7BE,0xF79E,0xF79E,0xF79E,0xF79E,0xF79E,0xF7BE,0xDEDB,
  0x4228,0xEF7D,0xF79E,0xF79E,0xEF7D,0xF79E,0xF79E,0xF79E,0xF79E,0xF79E,0xF79E,0xF79E,
  0xF79E,0xF79E,0xF79E,0xF79E,0xF79E,0xF79E,0xF79E,0xF79E,0xF79E,0xF79E,0xF79E,0xF79E,
  0xF79E,0xF79E,0xF79E,0xF79E,0xF79E,0xF79E,0xF79E,0xF79E,0xF79E,0xF79E,0xF79E,0xF79E,
  0xF79E,0xF79E,0xF79E,0xF79E,0xF79E,0xF79E,0xF79E,0xF79E,0xF79E,0xF79E,0xF79E,0xD6BA,
  0x0000,0xA514,0xFFFF,0xEF7D,0xF7BE,0xEF7D,0xF79E,0xF79E,0xF79E,0xF79E,0xF79E,0xF79E,
  0xF79E,0xF79E,0xF79E,0xF79E,0xF79E,0xF79E,0xF79E,0xF79E,0xF79E,0xF79E,0xF79E,0xF79E,
  0xF79E,0xF79E,0xF79E,0xF79E,0xF79E,0xF79E,0xF79E,0xF79E,0xF79E,0xF79E,0xF79E,0xF79E,
  0xF79E,0xF79E,0xF79E,0xF79E,0xF79E,0xF79E,0xF79E,0xF79E,0xF79E,0xF79E,0xFFDF,0xA534,
  0x0000,0x3186,0xDEDB,0xFFDF,0xF79E,0xF79E,0xF79E,0xF79E,0xF79E,0xF79E,0xF79E,0xF79E,
  0xF79E,0xF79E,0xF79E,0xF79E,0xF79E,0xF79E,0xF79E,0xF79E,0xF79E,0xF79E,0xF79E,0xF79E,
  0xF79E,0xF79E,0xF79E,0xF79E,0xF79E,0xF79E,0xF79E,0xF79E,0xF79E,0xF79E,0xF79E,0xF79E,
  0xF79E,0xF79E,0xF79E,0xF79E,0xF79E,0xF79E,0xF79E,0xF79E,0xF79E,0xF79E,0xE73C,0x4228,
  0x0000,0x0000,0x4A49,0xD6BA,0xF7BE,0xF79E,0xF79E,0xF79E,0xF79E,0xF79E,0xF79E,0xF79E,
  0xF79E,0xF79E,0xF79E,0xF79E,0xF79E,0xF79E,0xF79E,0xF79E,0xF79E,0xF79E,0xF79E,0xF79E,
  0xF79E,0xF79E,0xF79E,0xF79E,0xF79E,0xF79E,0xF79E,0xF79E,0xF79E,0xF79E,0xF79E,0xF79E,
  0xF79E,0xF79E,0xF79E,0xEF7D,0xF79E,0xF79E,0xEF7D,0xF79E,0xF7BE,0xEF7D,0x738E,0x0000,
  0x0000,0x0000,0x0000,0x31A6,0xB5B6,0xEF7D,0xF7BE,0xF7BE,0xF79E,0xF79E,0xF79E,0xF79E,
  0xF79E,0xF79E,0xF79E,0xF79E,0xF79E,0xF79E,0xF79E,0xF79E,0xF79E,0xF79E,0xF79E,0xF79E,
  0xF79E,0xF79E,0xF79E,0xF79E,0xF79E,0xF79E,0xF79E,0xF79E,0xF79E,0xF79E,0xF79E,0xF79E,
  0xF79E,0xF79E,0xF79E,0xF79E,0xF79E,0xF79E,0xF79E,0xF7BE,0xE71C,0x73AE,0x0000,0x0000,
  0x0000,0x0000,0x0000,0x0000,0x10A2,0x630C,0xBDF7,0xE73C,0xE73C,0xE73C,0xEF5D,0xE73C,
  0xEF5D,0xEF5D,0xEF5D,0xEF5D,0xEF5D,0xEF5D,0xEF5D,0xEF5D,0xEF5D,0xEF5D,0xEF5D,0xEF5D,
  0xEF5D,0xEF5D,0xEF5D,0xEF5D,0xEF5D,0xEF5D,0xEF5D,0xEF5D,0xEF5D,0xEF5D,0xEF5D,0xEF5D,
  0xEF5D,0xEF5D,0xEF5D,0xEF5D,0xEF5D,0xEF5D,0xE73C,0xAD55,0x4228,0x0000,0x0000,0x0000,
  0x0000,0x0000,0x0000,0x0000,0x0000,0x0000,0x10A2,0x2124,0x2124,0x2104,0x2945,0x2104,
  0x2124,0x2104,0x2104,0x2104,0x2104,0x2104,0x2104,0x2104,0x2104,0x2104,0x2104,0x2104,
  0x2104,0x2104,0x2104,0x2104,0x2104,0x2104,0x2104,0x2104,0x2104,0x2104,0x2104,0x2104,
  0x2104,0x2104,0x2124,0x2104,0x2124,0x2124,0x2104,0x0000,0x0000,0x0000,0x0000,0x0000,
  0x0000,0x0000,0x0000,0x0000,0x0000,0x0000,0x0000,0x0000,0x0000,0x0000,0x0000,0x0000,
  0x0000,0x0000,0x0000,0x0000,0x0000,0x0000,0x0000,0x0000,0x0000,0x0000,0x0000,0x0000,
  0x0000,0x0000,0x0000,0x0000,0x0000,0x0000,0x0000,0x0000,0x0000,0x0000,0x0000,0x0000,
  0x0000,0x0000,0x0000,0x0000,0x0000,0x0000,0x0000,0x0000,0x0000,0x0000,0x0000,0x0000,
  0x0000,0x0000,0x0000,0x0000,0x0000,0x0000,0x0000,0x0000,0x0000,0x0000,0x0000,0x0000,
  0x0000,0x0000,0x0000,0x0000,0x0000,0x0000,0x0000,0x0000,0x0000,0x0000,0x0000,0x0000,
  0x0000,0x0000,0x0000,0x0000,0x0000,0x0000,0x0000,0x0000,0x0000,0x0000,0x0000,0x0000,
  0x0000,0x0000,0x0000,0x0000,0x0000,0x0000,0x0000,0x0000,0x0000,0x0000,0x0000,0x0000,
  0x0000,0x0000,0x0000,0x0000,0x0000,0x0000,0x0000,0x0000,0x0000,0x0000,0x0000,0x0000,
  0x0000,0x0000,0x0000,0x0000,0x0000,0x0000,0x0000,0x0000,0x0000,0x0000,0x0000,0x0000,
  0x0000,0x0000,0x0000,0x0000,0x0000,0x0000,0x0000,0x0000,0x0000,0x0000,0x0000,0x0000,
  0x0000,0x0000,0x0000,0x0000,0x0000,0x0000,0x0000,0x0000,0x0000,0x0000,0x0000,0x0000,
  0x0000,0x0000,0x0000,0x0000,0x0000,0x0000,0x0000,0x0000,0x0000,0x0000,0x0000,0x0000,
  0x0000,0x0000,0x0000,0x0000,0x0000,0x0000,0x0000,0x0000,0x0000,0x0000,0x0000,0x0000,
  0x0000,0x0000,0x0000,0x0000,0x0000,0x0000,0x0000,0x0000,0x0000,0x0000,0x0000,0x0000,
  0x0000,0x0000,0x0000,0x0000,0x0000,0x0000,0x0000,0x0000,0x0000,0x0000,0x0000,0x0000,
  0x0000,0x0000,0x0000,0x0000,0x0000,0x0000,0x0000,0x0000,0x0000,0x0000,0x0000,0x0000,
  0x0000,0x0000,0x0000,0x0000,0x0000,0x0000,0x0000,0x0000,0x0000,0x0000,0x0000,0x0000,
  0x0000,0x0000,0x0000,0x0000,0x0000,0x0000,0x0000,0x0000,0x0000,0x0000,0x0000,0x0000,
  0x0000,0x0000,0x0000,0x0000,0x0000,0x0000,0x0000,0x0000,0x0000,0x0000,0x0000,0x0000,
  0x0000,0x0000,0x0000,0x0000,0x0000,0x0000,0x0000,0x0000,0x0000,0x0000,0x0000,0x0000,
  0x0000,0x0000,0x0000,0x0000,0x0000,0x0000,0x0000,0x0000,0x0000,0x0000,0x0000,0x0000,
  0x0000,0x0000,0x0000,0x0000,0x0000,0x0000,0x0000,0x0000,0x0000,0x0000,0x0000,0x0000,
  0x0000,0x0000,0x0000,0x0000,0x0000,0x0000,0x0000,0x0000,0x0000,0x0000,0x0000,0x0000,
  0x0000,0x0000,0x0000,0x0000,0x0000,0x0000,0x0000,0x0000,0x0000,0x0000,0x0000,0x0000,
  0x0000,0x0000,0x0000,0x0000,0x0000,0x0000,0x0000,0x0000,0x0000,0x0000,0x0000,0x0000,
  0x0000,0x0000,0x0000,0x0000,0x0000,0x0000,0x0000,0x0000,0x0000,0x0000,0x0000,0x0000,
  0x0000,0x0000,0x0000,0x0000,0x0000,0x0000,0x0000,0x0000,0x0000,0x0000,0x0000,0x0000,
  0x0000,0x0000,0x0000,0x0000,0x0000,0x0000,0x0000,0x0000,0x0000,0x0000,0x0000,0x0000,
  0x0000,0x0000,0x0000,0x0000,0x0000,0x0000,0x0000,0x0000,0x0000,0x0000,0x0000,0x0000,
  0x0000,0x0000,0x0000,0x0000,0x0000,0x0000,0x0000,0x0000,0x0000,0x0000,0x0000,0x0000,
  0x0000,0x0000,0x0000,0x0000,0x0000,0x0000,0x0000,0x0000,0x0000,0x0000,0x0000,0x0000,
};

static const uint16_t PROGMEM wicon_04d[] = {
  0x0000,0x0000,0x0000,0x0000,0x0000,0x0000,0x0000,0x0000,0x0000,0x0000,0x0000,0x0000,
  0x0000,0x0000,0x0000,0x0000,0x0000,0x0000,0x0000,0x0000,0x0000,0x0000,0x0000,0x0000,
  0x0000,0x0000,0x0000,0x0000,0x0000,0x0000,0x0000,0x0000,0x0000,0x0000,0x0000,0x0000,
  0x0000,0x0000,0x0000,0x0000,0x0000,0x0000,0x0000,0x0000,0x0000,0x0000,0x0000,0x0000,
  0x0000,0x0000,0x0000,0x0000,0x0000,0x0000,0x0000,0x0000,0x0000,0x0000,0x0000,0x0000,
  0x0000,0x0000,0x0000,0x0000,0x0000,0x0000,0x0000,0x0000,0x0000,0x0000,0x0000,0x0000,
  0x0000,0x0000,0x0000,0x0000,0x0000,0x0000,0x0000,0x0000,0x0000,0x0000,0x0000,0x0000,
  0x0000,0x0000,0x0000,0x0000,0x0000,0x0000,0x0000,0x0000,0x0000,0x0000,0x0000,0x0000,
  0x0000,0x0000,0x0000,0x0000,0x0000,0x0000,0x0000,0x0000,0x0000,0x0000,0x0000,0x0000,
  0x0000,0x0000,0x0000,0x0000,0x0000,0x0000,0x0000,0x0000,0x0000,0x0000,0x0000,0x0000,
  0x0000,0x0000,0x0000,0x0000,0x0000,0x0000,0x0000,0x0000,0x0000,0x0000,0x0000,0x0000,
  0x0000,0x0000,0x0000,0x0000,0x0000,0x0000,0x0000,0x0000,0x0000,0x0000,0x0000,0x0000,
  0x0000,0x0000,0x0000,0x0000,0x0000,0x0000,0x0000,0x0000,0x0000,0x0000,0x0000,0x0000,
  0x0000,0x0000,0x0000,0x0000,0x0000,0x0000,0x0000,0x0000,0x0000,0x0000,0x0000,0x0000,
  0x0000,0x0000,0x0000,0x0000,0x0000,0x0000,0x0000,0x0000,0x0000,0x0000,0x0000,0x0000,
  0x0000,0x0000,0x0000,0x0000,0x0000,0x0000,0x0000,0x0000,0x0000,0x0000,0x0000,0x0000,
  0x0000,0x0000,0x0000,0x0000,0x0000,0x0000,0x0000,0x0000,0x0000,0x0000,0x0000,0x0000,
  0x0000,0x0000,0x0000,0x0000,0x0000,0x0000,0x0000,0x0000,0x0000,0x0000,0x0000,0x0000,
  0x0000,0x0000,0x0000,0x0000,0x0000,0x0000,0x0000,0x0000,0x0000,0x0000,0x0000,0x0000,
  0x0000,0x0000,0x0000,0x0000,0x0000,0x0000,0x0000,0x0000,0x0000,0x0000,0x0000,0x0000,
  0x0000,0x0000,0x0000,0x0000,0x0000,0x0000,0x0000,0x0000,0x0000,0x0000,0x0000,0x0000,
  0x0000,0x0000,0x0000,0x0000,0x0000,0x0000,0x0000,0x0000,0x0000,0x0000,0x0000,0x0000,
  0x0000,0x0000,0x0000,0x0000,0x0000,0x0000,0x0000,0x0000,0x0000,0x0000,0x0000,0x0000,
  0x0000,0x0000,0x0000,0x0000,0x0000,0x0000,0x0000,0x0000,0x0000,0x0000,0x0000,0x0000,
  0x0000,0x0000,0x0000,0x0000,0x0000,0x0000,0x0000,0x0000,0x0000,0x0000,0x0000,0x0000,
  0x0000,0x0000,0x0000,0x0000,0x0000,0x0000,0x0000,0x0000,0x0000,0x0000,0x0000,0x0000,
  0x0000,0x0000,0x0000,0x0000,0x0000,0x0000,0x0000,0x0000,0x0000,0x0000,0x0000,0x0000,
  0x0000,0x0000,0x0000,0x0000,0x0000,0x0000,0x0000,0x0000,0x0000,0x0000,0x0000,0x0000,
  0x0000,0x0000,0x0000,0x0000,0x0000,0x0000,0x0000,0x0000,0x0000,0x0000,0x0000,0x0000,
  0x0000,0x0000,0x0000,0x0000,0x0000,0x0000,0x0000,0x0000,0x0000,0x0000,0x0000,0x0000,
  0x0000,0x0000,0x0000,0x0000,0x0000,0x0000,0x0000,0x0000,0x0000,0x0000,0x0000,0x0000,
  0x0000,0x0000,0x0000,0x0000,0x0000,0x0000,0x0000,0x0000,0x0000,0x0000,0x0000,0x0000,
  0x0000,0x0000,0x0000,0x0000,0x0000,0x0000,0x0000,0x0000,0x0000,0x0000,0x0000,0x0000,
  0x0000,0x0000,0x0000,0x0000,0x0000,0x0000,0x0000,0x0000,0x0000,0x0000,0x0000,0x0000,
  0x0000,0x0000,0x10A2,0x0000,0x0000,0x10A2,0x0000,0x0000,0x0000,0x0000,0x0000,0x0000,
  0x0000,0x0000,0x0000,0x0000,0x0000,0x0000,0x0000,0x0000,0x0000,0x0000,0x0000,0x0000,
  0x0000,0x0000,0x0000,0x0000,0x0000,0x0000,0x0000,0x0000,0x0000,0x0000,0x0000,0x0000,
  0x0000,0x0000,0x0000,0x0000,0x0000,0x0000,0x0000,0x0000,0x0000,0x0000,0x0000,0x0000,
  0x31A6,0x6B6D,0x73AE,0x73AE,0x738E,0x7BCF,0x5ACB,0x2124,0x0000,0x0000,0x0000,0x0000,
  0x0000,0x0000,0x0000,0x0000,0x0000,0x0000,0x0000,0x0000,0x0000,0x0000,0x0000,0x0000,
  0x0000,0x0000,0x0000,0x0000,0x0000,0x0000,0x0000,0x0000,0x0000,0x0000,0x0000,0x0000,
  0x0000,0x0000,0x0000,0x0000,0x0000,0x0000,0x0000,0x0000,0x0000,0x0000,0x0000,0x528A,
  0x73AE,0x7BCF,0x73AE,0x73AE,0x738E,0x73AE,0x73AE,0x73AE,0x3186,0x0000,0x0000,0x0000,
  0x0000,0x0000,0x0000,0x0000,0x0000,0x0000,0x0000,0x0000,0x0000,0x0000,0x0000,0x0000,
  0x0000,0x0000,0x0000,0x0000,0x0000,0x0000,0x0000,0x0000,0x0000,0x0000,0x0000,0x0000,
  0x0000,0x0000,0x0000,0x0000,0x0000,0x0000,0x0000,0x0000,0x0000,0x0000,0x528A,0x7BEF,
  0x73AE,0x73AE,0x738E,0x73AE,0x73AE,0x73AE,0x738E,0x73AE,0x73AE,0x3186,0x0000,0x0000,
  0x0000,0x0000,0x0000,0x0000,0x0000,0x0000,0x0000,0x0000,0x0000,0x0000,0x0000,0x0000,
  0x0000,0x0000,0x0000,0x0000,0x0000,0x0000,0x0000,0x0000,0x0000,0x0000,0x0000,0x0000,
  0x0000,0x0000,0x0000,0x0000,0x0000,0x0000,0x0000,0x0000,0x0000,0x52AA,0x7BEF,0x738E,
  0x7BCF,0x73AE,0x73AE,0x73AE,0x73AE,0x738E,0x73AE,0x73AE,0x73AE,0x7BCF,0x31A6,0x0000,
  0x0000,0x0000,0x0000,0x0000,0x0000,0x0000,0x0000,0x0000,0x0000,0x0000,0x0000,0x0000,
  0x0000,0x0000,0x0000,0x0000,0x0000,0x0000,0x0000,0x0000,0x0000,0x0000,0x0000,0x0000,
  0x0000,0x0000,0x39C7,0x73AE,0x9CD3,0x9CD3,0x9492,0x4A69,0x3186,0x7BCF,0x738E,0x73AE,
  0x73AE,0x738E,0x73AE,0x73AE,0x73AE,0x73AE,0x73AE,0x73AE,0x738E,0x7BCF,0x5AEB,0x0000,
  0x0000,0x0000,0x0000,0x0000,0x0000,0x0000,0x0000,0x0000,0x0000,0x0000,0x0000,0x0000,
  0x0000,0x0000,0x0000,0x0000,0x0000,0x0000,0x0000,0x0000,0x0000,0x0000,0x0000,0x0000,
  0x4208,0xAD75,0xEF5D,0xFFDF,0xFFFF,0xFFFF,0xFFFF,0xF79E,0xCE59,0x8C51,0x738E,0x73AE,
  0x73AE,0x73AE,0x73AE,0x73AE,0x73AE,0x73AE,0x73AE,0x73AE,0x73AE,0x73AE,0x7BCF,0x2965,
  0x18E3,0x39C7,0x3186,0x31A6,0x0000,0x0000,0x0000,0x0000,0x0000,0x0000,0x0000,0x0000,
  0x0000,0x0000,0x0000,0x0000,0x0000,0x0000,0x0000,0x0000,0x0000,0x0000,0x0000,0x6B4D,
  0xE73C,0xFFFF,0xF79E,0xEF7D,0xEF7D,0xEF7D,0xEF7D,0xEF7D,0xFFDF,0xE71C,0xAD55,0x6B6D,
  0x73AE,0x73AE,0x73AE,0x73AE,0x73AE,0x73AE,0x73AE,0x73AE,0x73AE,0x73AE,0x73AE,0x630C,
  0x738E,0x73AE,0x73AE,0x73AE,0x5ACB,0x0000,0x0000,0x0000,0x0000,0x0000,0x0000,0x0000,
  0x0000,0x0000,0x0000,0x0000,0x0000,0x0000,0x0000,0x0000,0x0000,0x0000,0x630C,0xF79E,
  0xF7BE,0xEF7D,0xF79E,0xF7BE,0xEF7D,0xF79E,0xF79E,0xF79E,0xEF7D,0xF7BE,0xE73C,0xA534,
  0x6B6D,0x738E,0x73AE,0x73AE,0x73AE,0x73AE,0x73AE,0x73AE,0x73AE,0x73AE,0x7BCF,0x73AE,
  0x73AE,0x738E,0x73AE,0x73AE,0x7BEF,0x5AEB,0x0000,0x0000,0x0000,0x0000,0x0000,0x0000,
  0x0000,0x0000,0x0000,0x0000,0x0000,0x0000,0x0000,0x0000,0x0000,0x3186,0xE73C,0xF7BE,
  0xF79E,0xF79E,0xF79E,0xEF7D,0xF79E,0xF7BE,0xF79E,0xF79E,0xF79E,0xF79E,0xF7BE,0xE71C,
  0x8C51,0x6B6D,0x73AE,0x73AE,0x73AE,0x73AE,0x73AE,0x73AE,0x73AE,0x73AE,0x73AE,0x73AE,
  0x73AE,0x73AE,0x738E,0x73AE,0x6B6D,0x8430,0x39C7,0x0000,0x0000,0x0000,0x0000,0x0000,
  0x0000,0x0000,0x0000,0x0000,0x0000,0x0000,0x0000,0x0000,0x0000,0x8C71,0xFFFF,0xEF7D,
  0xF79E,0xF79E,0xF79E,0xF79E,0xF79E,0xF79E,0xF79E,0xF79E,0xF7BE,0xF79E,0xF79E,0xFFFF,
  0xCE59,0x6B6D,0x738E,0x73AE,0x73AE,0x73AE,0x73AE,0x73AE,0x73AE,0x73AE,0x73AE,0x73AE,
  0x73AE,0x73AE,0x73AE,0x73AE,0x73AE,0x7BEF,0x3186,0x0000,0x0000,0x0000,0x0000,0x0000,
  0x0000,0x0000,0x0000,0x0000,0x0000,0x0000,0x0000,0x0000,0x18E3,0xD6BA,0xF79E,0xF79E,
  0xF79E,0xF79E,0xF79E,0xF79E,0xF79E,0xF79E,0xF79E,0xF79E,0xF79E,0xF79E,0xEF7D,0xF7BE,
  0xEF7D,0x8C71,0x6B6D,0x738E,0x6B6D,0x6B6D,0x6B6D,0x738E,0x73AE,0x73AE,0x73AE,0x73AE,
  0x73AE,0x73AE,0x73AE,0x73AE,0x738E,0x7BEF,0x3186,0x0000,0x0000,0x0000,0x0000,0x0000,
  0x0000,0x0000,0x0000,0x0000,0x0000,0x0000,0x0000,0x0000,0x4A49,0xF7BE,0xF79E,0xF79E,
  0xF79E,0xF79E,0xF79E,0xF79E,0xF79E,0xF79E,0xF79E,0xF79E,0xF79E,0xF79E,0xF79E,0xF79E,
  0xFFDF,0xA534,0x632C,0x8C51,0xA534,0xAD75,0x9CD3,0x7BEF,0x738E,0x73AE,0x73AE,0x73AE,
  0x73AE,0x73AE,0x73AE,0x73AE,0x73AE,0x73AE,0x632C,0x5AEB,0x4208,0x0000,0x0000,0x0000,
  0x0000,0x0000,0x0000,0x0000,0x0000,0x0000,0x0000,0x0000,0x630C,0xF7BE,0xF79E,0xF79E,
  0xF79E,0xF79E,0xF79E,0xF79E,0xF79E,0xF79E,0xF79E,0xF79E,0xF79E,0xF79E,0xF79E,0xEF7D,
  0xFFDF,0xDEDB,0xBDF7,0xE71C,0xFFDF,0xFFFF,0xEF7D,0xDEDB,0x9492,0x6B6D,0x73AE,0x73AE,
  0x73AE,0x73AE,0x73AE,0x738E,0x73AE,0x73AE,0x73AE,0x7BCF,0x7BCF,0x6B6D,0x2104,0x0000,
  0x0000,0x0000,0x0000,0x0000,0x0000,0x0000,0x0000,0x0000,0x4A49,0xFFDF,0xEF7D,0xF79E,
  0xF79E,0xF79E,0xF79E,0xF79E,0xF79E,0xF79E,0xF79E,0xF79E,0xF79E,0xF79E,0xF79E,0xF79E,
  0xF79E,0xFFDF,0xFFFF,0xFFDF,0xF79E,0xF79E,0xF7BE,0xFFDF,0xEF7D,0x9CD3,0x632C,0x7BCF,
  0x738E,0x73AE,0x73AE,0x73AE,0x738E,0x73AE,0x7BCF,0x738E,0x738E,0x7BCF,0x738E,0x2104,
  0x0000,0x0000,0x0000,0x0000,0x0000,0x2104,0x5AEB,0x5AEB,0x8410,0xF7BE,0xF79E,0xF79E,
  0xF79E,0xF79E,0xF79E,0xF79E,0xF79E,0xF79E,0xF79E,0xF79E,0xF79E,0xF79E,0xF79E,0xF79E,
  0xF79E,0xF79E,0xF79E,0xF79E,0xF79E,0xF79E,0xF79E,0xEF7D,0xFFFF,0xD69A,0x6B4D,0x7BCF,
  0x738E,0x73AE,0x73AE,0x73AE,0x73AE,0x73AE,0x73AE,0x73AE,0x73AE,0x73AE,0x73AE,0x6B6D,
  0x0000,0x0000,0x0000,0x2945,0x94B2,0xDEDB,0xF7BE,0xF79E,0xF7BE,0xF79E,0xF79E,0xF79E,
  0xF79E,0xF79E,0xF79E,0xF79E,0xF79E,0xF79E,0xF79E,0xF79E,0xF79E,0xF79E,0xF79E,0xF79E,
  0xF79E,0xF79E,0xF79E,0xF7BE,0xF7BE,0xF79E,0xF79E,0xF79E,0xF7BE,0xF79E,0x8410,0x6B6D,
  0x7BCF,0x73AE,0x73AE,0x73AE,0x73AE,0x73AE,0x73AE,0x7BCF,0x738E,0x73AE,0x73AE,0x738E,
  0x0000,0x0000,0x4A69,0xDEFB,0xFFFF,0xF7BE,0xF79E,0xF79E,0xF79E,0xF79E,0xF79E,0xF7BE,
  0xF79E,0xF79E,0xF79E,0xF79E,0xF79E,0xF79E,0xF79E,0xF79E,0xF79E,0xF79E,0xF79E,0xF79E,
  0xF79E,0xF79E,0xF79E,0xF79E,0xF79E,0xF79E,0xF79E,0xF79E,0xF7BE,0xFFDF,0x8C51,0x632C,
  0x7BCF,0x73AE,0x73AE,0x73AE,0x73AE,0x73AE,0x738E,0x73AE,0x73AE,0x73AE,0x73AE,0x738E,
  0x0000,0x4208,0xEF7D,0xF7BE,0xEF7D,0xF79E,0xF79E,0xF79E,0xF79E,0xF79E,0xF79E,0xF79E,
  0xF79E,0xF79E,0xF79E,0xF79E,0xF79E,0xF79E,0xF79E,0xF79E,0xF79E,0xF79E,0xF79E,0xF79E,
  0xF79E,0xF79E,0xF79E,0xF79E,0xF79E,0xF79E,0xF79E,0xF79E,0xF7BE,0xF79E,0x7BCF,0x630C,
  0x738E,0x6B6D,0x73AE,0x73AE,0x73AE,0x73AE,0x738E,0x73AE,0x73AE,0x738E,0x73AE,0x738E,
  0x0000,0xBDF7,0xFFDF,0xEF7D,0xF79E,0xF79E,0xF7BE,0xF79E,0xF79E,0xF79E,0xF79E,0xF79E,
  0xF79E,0xF79E,0xF79E,0xF79E,0xF79E,0xF79E,0xF79E,0xF79E,0xF79E,0xF79E,0xF79E,0xF79E,
  0xF79E,0xF79E,0xF79E,0xF79E,0xF79E,0xF79E,0xF79E,0xF79E,0xF7BE,0xF79E,0xC618,0xC618,
  0xB5B6,0x9492,0x738E,0x738E,0x7BCF,0x73AE,0x73AE,0x73AE,0x73AE,0x73AE,0x738E,0x7BCF,
  0x5AEB,0xF7BE,0xEF7D,0xF7BE,0xF79E,0xF79E,0xF79E,0xF79E,0xF79E,0xF79E,0xF79E,0xF79E,
  0xF79E,0xF79E,0xF79E,0xF79E,0xF79E,0xF79E,0xF79E,0xF79E,0xF79E,0xF79E,0xF79E,0xF79E,
  0xF79E,0xF79E,0xF79E,0xF79E,0xF79E,0xF79E,0xF79E,0xF79E,0xF79E,0xF79E,0xFFFF,0xFFFF,
  0xFFFF,0xF7BE,0xB5B6,0x73AE,0x738E,0x73AE,0x73AE,0x73AE,0x738E,0x738E,0x7BCF,0x4A69,
  0xB596,0xFFDF,0xEF7D,0xF79E,0xF79E,0xF79E,0xF79E,0xF79E,0xF79E,0xF79E,0xF79E,0xF79E,
  0xF79E,0xF79E,0xF79E,0xF79E,0xF79E,0xF79E,0xF79E,0xF79E,0xF79E,0xF79E,0xF79E,0xF79E,
  0xF79E,0xF79E,0xF79E,0xF79E,0xF79E,0xF79E,0xF79E,0xF79E,0xF79E,0xF7BE,0xF79E,0xEF7D,
  0xF79E,0xFFDF,0xF7BE,0xBDD7,0x6B4D,0x6B6D,0x73AE,0x73AE,0x73AE,0x7BEF,0x4A69,0x0000,
  0xD6BA,0xF7BE,0xF79E,0xF79E,0xF7BE,0xF79E,0xF79E,0xF79E,0xF79E,0xF79E,0xF79E,0xF79E,
  0xF79E,0xF79E,0xF79E,0xF79E,0xF79E,0xF79E,0xF79E,0xF79E,0xF79E,0xF79E,0xF79E,0xF79E,
  0xF79E,0xF79E,0xF79E,0xF79E,0xF79E,0xF79E,0xF79E,0xF79E,0xF79E,0xF79E,0xF79E,0xF79E,
  0xF79E,0xEF7D,0xFFDF,0xF7BE,0xA534,0x6B6D,0x7BCF,0x7BCF,0x632C,0x3186,0x0000,0x0000,
  0xE71C,0xF79E,0xF79E,0xF79E,0xF79E,0xF79E,0xF79E,0xF79E,0xF79E,0xF79E,0xF79E,0xF79E,
  0xF79E,0xF79E,0xF79E,0xF79E,0xF79E,0xF79E,0xF79E,0xF79E,0xF79E,0xF79E,0xF79E,0xF79E,
  0xF79E,0xF79E,0xF79E,0xF79E,0xF79E,0xF79E,0xF79E,0xF79E,0xF79E,0xF79E,0xF79E,0xF79E,
  0xF79E,0xF79E,0xEF7D,0xFFDF,0xE71C,0x4228,0x18E3,0x2124,0x0000,0x0000,0x0000,0x0000,
  0xCE59,0xF79E,0xF79E,0xF79E,0xF79E,0xF79E,0xF79E,0xF79E,0xF79E,0xF79E,0xF79E,0xF79E,
  0xF79E,0xF79E,0xF79E,0xF79E,0xF79E,0xF79E,0xF79E,0xF79E,0xF79E,0xF79E,0xF79E,0xF79E,
  0xF79E,0xF79E,0xF79E,0xF79E,0xF79E,0xF79E,0xF79E,0xF79E,0xF79E,0xF7BE,0xF79E,0xF79E,
  0xF7BE,0xF79E,0xF79E,0xF7BE,0xE73C,0x4208,0x0000,0x0000,0x0000,0x0000,0x0000,0x0000,
  0x9492,0xFFDF,0xF79E,0xF7BE,0xF79E,0xF79E,0xF7BE,0xF79E,0xF79E,0xF79E,0xF79E,0xF79E,
  0xF79E,0xF79E,0xF79E,0xF79E,0xF79E,0xF79E,0xF79E,0xF79E,0xF79E,0xF79E,0xF79E,0xF79E,
  0xF79E,0xF79E,0xF79E,0xF79E,0xF79E,0xF79E,0xF79E,0xF79E,0xF79E,0xF79E,0xF79E,0xF7BE,
  0xF7BE,0xF79E,0xF79E,0xF7BE,0xEF5D,0x4A69,0x0000,0x0000,0x0000,0x0000,0x0000,0x0000,
  0x39C7,0xEF7D,0xF79E,0xF79E,0xEF7D,0xF7BE,0xF79E,0xF79E,0xF79E,0xF79E,0xF79E,0xF79E,
  0xF79E,0xF79E,0xF79E,0xF79E,0xF79E,0xF79E,0xF79E,0xF79E,0xF79E,0xF79E,0xF79E,0xF79E,
  0xF79E,0xF79E,0xF79E,0xF79E,0xF79E,0xF79E,0xF79E,0xF79E,0xF79E,0xF79E,0xF79E,0xF79E,
  0xF79E,0xF79E,0xEF7D,0xF7BE,0xDEFB,0x2945,0x0000,0x0000,0x0000,0x0000,0x0000,0x0000,
  0x0000,0x94B2,0xFFFF,0xEF7D,0xF7BE,0xF79E,0xF79E,0xF79E,0xF79E,0xF79E,0xF79E,0xF79E,
  0xF79E,0xF79E,0xF79E,0xF79E,0xF79E,0xF79E,0xF79E,0xF79E,0xF79E,0xF79E,0xF79E,0xF79E,
  0xF79E,0xF79E,0xF79E,0xF79E,0xF79E,0xF79E,0xF79E,0xF79E,0xF79E,0xF79E,0xF79E,0xF7BE,
  0xF79E,0xF79E,0xEF7D,0xFFFF,0xA534,0x0000,0x0000,0x0000,0x0000,0x0000,0x0000,0x0000,
  0x0000,0x18C3,0xB5B6,0xFFFF,0xF79E,0xF79E,0xF79E,0xF79E,0xF79E,0xF79E,0xF79E,0xF79E,
  0xF79E,0xF79E,0xF79E,0xF79E,0xF79E,0xF79E,0xF79E,0xF79E,0xF79E,0xF79E,0xF79E,0xF79E,
  0xF79E,0xF79E,0xF79E,0xF79E,0xF79E,0xF79E,0xF79E,0xF79E,0xF79E,0xF79E,0xF79E,0xF79E,
  0xEF7D,0xF79E,0xFFDF,0xE71C,0x31A6,0x0000,0x0000,0x0000,0x0000,0x0000,0x0000,0x0000,
  0x0000,0x0000,0x10A2,0xA514,0xEF7D,0xFFDF,0xF79E,0xF79E,0xF79E,0xF79E,0xF79E,0xF79E,
  0xF79E,0xF79E,0xF79E,0xF79E,0xF79E,0xF79E,0xF79E,0xF79E,0xF79E,0xF79E,0xF79E,0xF79E,
  0xF79E,0xF79E,0xF79E,0xF79E,0xF79E,0xF79E,0xF79E,0xF79E,0xF7BE,0xF79E,0xF7BE,0xF79E,
  0xF7BE,0xFFFF,0xD6BA,0x4A49,0x0000,0x0000,0x0000,0x0000,0x0000,0x0000,0x0000,0x0000,
  0x0000,0x0000,0x0000,0x0000,0x5ACB,0xBDF7,0xE73C,0xE73C,0xEF5D,0xE73C,0xE73C,0xE73C,
  0xEF5D,0xE73C,0xE73C,0xE73C,0xE73C,0xE73C,0xE73C,0xE73C,0xE73C,0xE73C,0xE73C,0xE73C,
  0xE73C,0xE73C,0xE73C,0xE73C,0xE73C,0xE73C,0xE73C,0xE73C,0xEF5D,0xE73C,0xEF5D,0xEF5D,
  0xE73C,0xA534,0x2965,0x0000,0x0000,0x0000,0x0000,0x0000,0x0000,0x0000,0x0000,0x0000,
  0x0000,0x0000,0x0000,0x0000,0x0000,0x0000,0x2124,0x2104,0x2124,0x2104,0x2104,0x2104,
  0x2124,0x2104,0x2104,0x2104,0x2104,0x2104,0x2104,0x2104,0x2104,0x2104,0x2104,0x2104,
  0x2104,0x2104,0x2104,0x2104,0x2104,0x2104,0x2104,0x2104,0x2124,0x2124,0x2104,0x2124,
  0x2104,0x0000,0x0000,0x0000,0x0000,0x0000,0x0000,0x0000,0x0000,0x0000,0x0000,0x0000,
  0x0000,0x0000,0x0000,0x0000,0x0000,0x0000,0x0000,0x0000,0x0000,0x0000,0x0000,0x0000,
  0x0000,0x0000,0x0000,0x0000,0x0000,0x0000,0x0000,0x0000,0x0000,0x0000,0x0000,0x0000,
  0x0000,0x0000,0x0000,0x0000,0x0000,0x0000,0x0000,0x0000,0x0000,0x0000,0x0000,0x0000,
  0x0000,0x0000,0x0000,0x0000,0x0000,0x0000,0x0000,0x0000,0x0000,0x0000,0x0000,0x0000,
  0x0000,0x0000,0x0000,0x0000,0x0000,0x0000,0x0000,0x0000,0x0000,0x0000,0x0000,0x0000,
  0x0000,0x0000,0x0000,0x0000,0x0000,0x0000,0x0000,0x0000,0x0000,0x0000,0x0000,0x0000,
  0x0000,0x0000,0x0000,0x0000,0x0000,0x0000,0x0000,0x0000,0x0000,0x0000,0x0000,0x0000,
  0x0000,0x0000,0x0000,0x0000,0x0000,0x0000,0x0000,0x0000,0x0000,0x0000,0x0000,0x0000,
  0x0000,0x0000,0x0000,0x0000,0x0000,0x0000,0x0000,0x0000,0x0000,0x0000,0x0000,0x0000,
  0x0000,0x0000,0x0000,0x0000,0x0000,0x0000,0x0000,0x0000,0x0000,0x0000,0x0000,0x0000,
  0x0000,0x0000,0x0000,0x0000,0x0000,0x0000,0x0000,0x0000,0x0000,0x0000,0x0000,0x0000,
  0x0000,0x0000,0x0000,0x0000,0x0000,0x0000,0x0000,0x0000,0x0000,0x0000,0x0000,0x0000,
  0x0000,0x0000,0x0000,0x0000,0x0000,0x0000,0x0000,0x0000,0x0000,0x0000,0x0000,0x0000,
  0x0000,0x0000,0x0000,0x0000,0x0000,0x0000,0x0000,0x0000,0x0000,0x0000,0x0000,0x0000,
  0x0000,0x0000,0x0000,0x0000,0x0000,0x0000,0x0000,0x0000,0x0000,0x0000,0x0000,0x0000,
  0x0000,0x0000,0x0000,0x0000,0x0000,0x0000,0x0000,0x0000,0x0000,0x0000,0x0000,0x0000,
  0x0000,0x0000,0x0000,0x0000,0x0000,0x0000,0x0000,0x0000,0x0000,0x0000,0x0000,0x0000,
  0x0000,0x0000,0x0000,0x0000,0x0000,0x0000,0x0000,0x0000,0x0000,0x0000,0x0000,0x0000,
  0x0000,0x0000,0x0000,0x0000,0x0000,0x0000,0x0000,0x0000,0x0000,0x0000,0x0000,0x0000,
  0x0000,0x0000,0x0000,0x0000,0x0000,0x0000,0x0000,0x0000,0x0000,0x0000,0x0000,0x0000,
  0x0000,0x0000,0x0000,0x0000,0x0000,0x0000,0x0000,0x0000,0x0000,0x0000,0x0000,0x0000,
  0x0000,0x0000,0x0000,0x0000,0x0000,0x0000,0x0000,0x0000,0x0000,0x0000,0x0000,0x0000,
  0x0000,0x0000,0x0000,0x0000,0x0000,0x0000,0x0000,0x0000,0x0000,0x0000,0x0000,0x0000,
  0x0000,0x0000,0x0000,0x0000,0x0000,0x0000,0x0000,0x0000,0x0000,0x0000,0x0000,0x0000,
  0x0000,0x0000,0x0000,0x0000,0x0000,0x0000,0x0000,0x0000,0x0000,0x0000,0x0000,0x0000,
  0x0000,0x0000,0x0000,0x0000,0x0000,0x0000,0x0000,0x0000,0x0000,0x0000,0x0000,0x0000,
  0x0000,0x0000,0x0000,0x0000,0x0000,0x0000,0x0000,0x0000,0x0000,0x0000,0x0000,0x0000,
  0x0000,0x0000,0x0000,0x0000,0x0000,0x0000,0x0000,0x0000,0x0000,0x0000,0x0000,0x0000,
  0x0000,0x0000,0x0000,0x0000,0x0000,0x0000,0x0000,0x0000,0x0000,0x0000,0x0000,0x0000,
  0x0000,0x0000,0x0000,0x0000,0x0000,0x0000,0x0000,0x0000,0x0000,0x0000,0x0000,0x0000,
  0x0000,0x0000,0x0000,0x0000,0x0000,0x0000,0x0000,0x0000,0x0000,0x0000,0x0000,0x0000,
  0x0000,0x0000,0x0000,0x0000,0x0000,0x0000,0x0000,0x0000,0x0000,0x0000,0x0000,0x0000,
};

static const uint16_t PROGMEM wicon_09d[] = {
  0x18C3,0x0000,0x0000,0x0000,0x0000,0x0000,0x0000,0x0000,0x0000,0x0000,0x0000,0x0000,
  0x0000,0x0000,0x0000,0x0000,0x0000,0x0000,0x0000,0x0000,0x0000,0x0000,0x0000,0x0000,
  0x0000,0x0000,0x0000,0x0000,0x0000,0x10A2,0x0000,0x0000,0x0000,0x0000,0x0000,0x0000,
  0x0000,0x0000,0x0000,0x0000,0x0000,0x0000,0x0000,0x0000,0x0000,0x0000,0x0000,0x18C3,
  0x0000,0x0000,0x0000,0x0000,0x0000,0x0000,0x0000,0x0000,0x0000,0x0000,0x0000,0x0000,
  0x0000,0x0000,0x0000,0x0000,0x0000,0x0000,0x0000,0x0000,0x0000,0x0000,0x0000,0x0000,
  0x0000,0x0000,0x0000,0x0000,0x0000,0x0000,0x0000,0x0000,0x0000,0x0000,0x0000,0x0000,
  0x0000,0x0000,0x0000,0x0000,0x0000,0x0000,0x0000,0x0000,0x0000,0x0000,0x0000,0x0000,
  0x0000,0x0000,0x0000,0x0000,0x0000,0x0000,0x0000,0x0000,0x0000,0x0000,0x0000,0x0000,
  0x0000,0x0000,0x0000,0x0000,0x0000,0x0000,0x0000,0x0000,0x0000,0x0000,0x0000,0x0000,
  0x0000,0x4208,0x4228,0x4208,0x4208,0x4228,0x4228,0x2965,0x0000,0x0000,0x0000,0x0000,
  0x0000,0x0000,0x0000,0x0000,0x0000,0x0000,0x0000,0x0000,0x0000,0x0000,0x0000,0x0000,
  0x0000,0x0000,0x0000,0x0000,0x0000,0x0000,0x0000,0x0000,0x0000,0x0000,0x0000,0x0000,
  0x0000,0x0000,0x0000,0x0000,0x0000,0x0000,0x0000,0x0000,0x0000,0x0000,0x0000,0x31A6,
  0x528A,0x7BEF,0x7BEF,0x7BEF,0x7BEF,0x7BCF,0x8410,0x6B6D,0x2945,0x0000,0x0000,0x0000,
  0x0000,0x0000,0x0000,0x0000,0x0000,0x0000,0x0000,0x0000,0x0000,0x0000,0x0000,0x0000,
  0x0000,0x0000,0x0000,0x0000,0x0000,0x0000,0x0000,0x0000,0x0000,0x0000,0x0000,0x0000,
  0x0000,0x0000,0x0000,0x0000,0x0000,0x0000,0x0000,0x0000,0x0000,0x0000,0x39C7,0x73AE,
  0x73AE,0x73AE,0x738E,0x738E,0x73AE,0x738E,0x73AE,0x73AE,0x6B4D,0x2124,0x0000,0x0000,
  0x0000,0x0000,0x0000,0x0000,0x0000,0x0000,0x0000,0x0000,0x0000,0x0000,0x0000,0x0000,
  0x0000,0x0000,0x0000,0x0000,0x0000,0x0000,0x0000,0x0000,0x0000,0x0000,0x0000,0x0000,
  0x0000,0x0000,0x0000,0x0000,0x0000,0x0000,0x0000,0x0000,0x0000,0x31A6,0x73AE,0x73AE,
  0x73AE,0x73AE,0x738E,0x73AE,0x73AE,0x73AE,0x73AE,0x73AE,0x7BCF,0x6B6D,0x2945,0x0000,
  0x0000,0x0000,0x0000,0x0000,0x0000,0x0000,0x0000,0x0000,0x0000,0x0000,0x0000,0x0000,
  0x0000,0x0000,0x0000,0x0000,0x0000,0x0000,0x0000,0x0000,0x0000,0x0000,0x0000,0x0000,
  0x0000,0x0000,0x0000,0x2965,0x39C7,0x4208,0x3186,0x10A2,0x0000,0x39E7,0x7BEF,0x738E,
  0x73AE,0x73AE,0x73AE,0x73AE,0x73AE,0x73AE,0x73AE,0x73AE,0x73AE,0x7BCF,0x6B6D,0x0000,
  0x0000,0x0000,0x0000,0x0000,0x0000,0x0000,0x0000,0x0000,0x0000,0x0000,0x0000,0x0000,
  0x0000,0x0000,0x0000,0x0000,0x0000,0x0000,0x0000,0x0000,0x0000,0x0000,0x0000,0x0000,
  0x10A2,0x528A,0x94B2,0xD69A,0xE71C,0xE73C,0xD6BA,0xAD55,0x5ACB,0x528A,0x6B4D,0x73AE,
  0x73AE,0x73AE,0x73AE,0x73AE,0x73AE,0x73AE,0x73AE,0x73AE,0x73AE,0x73AE,0x738E,0x0000,
  0x0000,0x2124,0x2945,0x0000,0x0000,0x0000,0x0000,0x0000,0x0000,0x0000,0x0000,0x0000,
  0x0000,0x0000,0x0000,0x0000,0x0000,0x0000,0x0000,0x0000,0x0000,0x0000,0x0000,0x3186,
  0xAD55,0xF79E,0xF7BE,0xF7BE,0xF7BE,0xF7BE,0xF7BE,0xF79E,0xFFFF,0xD6BA,0x7BEF,0x6B6D,
  0x73AE,0x7BCF,0x73AE,0x73AE,0x73AE,0x73AE,0x73AE,0x73AE,0x73AE,0x73AE,0x738E,0x39C7,
  0x39E7,0x73AE,0x73AE,0x528A,0x2965,0x0000,0x0000,0x0000,0x0000,0x0000,0x0000,0x0000,
  0x0000,0x0000,0x0000,0x0000,0x0000,0x0000,0x0000,0x0000,0x0000,0x0000,0x31A6,0xBDF7,
  0xFFDF,0xF79E,0xF79E,0xF79E,0xF7BE,0xEF7D,0xF79E,0xF79E,0xF79E,0xFFFF,0xDEFB,0x7BEF,
  0x6B6D,0x73AE,0x73AE,0x73AE,0x73AE,0x73AE,0x73AE,0x73AE,0x73AE,0x73AE,0x73AE,0x7BCF,
  0x7BCF,0x73AE,0x73AE,0x73AE,0x7BCF,0x4228,0x0000,0x0000,0x0000,0x0000,0x0000,0x0000,
  0x0000,0x0000,0x0000,0x0000,0x0000,0x0000,0x0000,0x0000,0x0000,0x0000,0xB596,0xFFFF,
  0xF79E,0xF79E,0xF79E,0xF79E,0xF79E,0xF79E,0xF79E,0xF79E,0xEF7D,0xEF7D,0xFFFF,0xDEFB,
  0x73AE,0x738E,0x73AE,0x73AE,0x73AE,0x73AE,0x73AE,0x73AE,0x738E,0x7BCF,0x73AE,0x73AE,
  0x73AE,0x73AE,0x7BCF,0x738E,0x7BCF,0x6B4D,0x0000,0x0000,0x0000,0x0000,0x0000,0x0000,
  0x0000,0x0000,0x0000,0x0000,0x0000,0x0000,0x0000,0x0000,0x0000,0x7BCF,0xFFDF,0xF79E,
  0xEF7D,0xF7BE,0xF7BE,0xF79E,0xF79E,0xF7BE,0xF79E,0xF79E,0xF7BE,0xEF7D,0xF7BE,0xFFFF,
  0xA534,0x6B6D,0x73AE,0x73AE,0x73AE,0x73AE,0x73AE,0x73AE,0x73AE,0x738E,0x738E,0x73AE,
  0x73AE,0x73AE,0x73AE,0x73AE,0x73AE,0x73AE,0x4A69,0x0000,0x0000,0x0000,0x0000,0x0000,
  0x0000,0x0000,0x0000,0x0000,0x0000,0x0000,0x0000,0x0000,0x18C3,0xB5B6,0xFFFF,0xEF7D,
  0xF79E,0xF79E,0xF79E,0xF79E,0xF7BE,0xF79E,0xF79E,0xF79E,0xF79E,0xF79E,0xF79E,0xF7BE,
  0xCE79,0x7BEF,0x738E,0x738E,0x738E,0x6B6D,0x738E,0x73AE,0x73AE,0x7BCF,0x73AE,0x73AE,
  0x73AE,0x73AE,0x73AE,0x73AE,0x73AE,0x7BCF,0x5ACB,0x0000,0x0000,0x0000,0x0000,0x0000,
  0x0000,0x0000,0x0000,0x0000,0x0000,0x0000,0x0000,0x0000,0x39E7,0xD6BA,0xF7BE,0xF79E,
  0xF79E,0xF79E,0xF79E,0xF79E,0xF79E,0xF79E,0xF79E,0xF79E,0xF79E,0xF79E,0xEF7D,0xF7BE,
  0xF7BE,0x94B2,0x528A,0x7BCF,0x8C51,0x8430,0x7BCF,0x6B6D,0x738E,0x7BCF,0x73AE,0x7BCF,
  0x73AE,0x73AE,0x73AE,0x73AE,0x73AE,0x7BCF,0x632C,0x2945,0x2124,0x0000,0x0000,0x0000,
  0x0000,0x0000,0x0000,0x0000,0x0000,0x0000,0x0000,0x0000,0x52AA,0xF79E,0xF79E,0xF79E,
  0xF79E,0xF79E,0xF79E,0xF79E,0xF79E,0xF79E,0xF79E,0xF79E,0xF79E,0xF79E,0xF79E,0xF7BE,
  0xFFDF,0xC618,0xA514,0xCE79,0xE71C,0xE73C,0xC638,0x94B2,0x7BCF,0x73AE,0x73AE,0x73AE,
  0x73AE,0x73AE,0x73AE,0x73AE,0x7BCF,0x73AE,0x73AE,0x73AE,0x7BCF,0x52AA,0x0000,0x0000,
  0x0000,0x0000,0x0000,0x0000,0x0000,0x0000,0x0000,0x0000,0x528A,0xF79E,0xF79E,0xF79E,
  0xF79E,0xF79E,0xF79E,0xF79E,0xF79E,0xF79E,0xF79E,0xF79E,0xF79E,0xF79E,0xF79E,0xF79E,
  0xF7BE,0xF7BE,0xFFFF,0xFFFF,0xF7BE,0xFFFF,0xFFDF,0xEF7D,0xBDD7,0x73AE,0x73AE,0x73AE,
  0x73AE,0x73AE,0x73AE,0x73AE,0x73AE,0x73AE,0x73AE,0x73AE,0x738E,0x7BCF,0x52AA,0x18C3,
  0x0000,0x0000,0x0000,0x0000,0x0000,0x0000,0x18E3,0x2124,0x6B4D,0xE73C,0xF7BE,0xF79E,
  0xF79E,0xF79E,0xF79E,0xF79E,0xF79E,0xF79E,0xF79E,0xF79E,0xF79E,0xF79E,0xF79E,0xEF7D,
  0xF79E,0xF7BE,0xF7BE,0xEF7D,0xF79E,0xEF7D,0xEF7D,0xFFFF,0xEF7D,0x9492,0x6B6D,0x73AE,
  0x73AE,0x73AE,0x738E,0x73AE,0x738E,0x73AE,0x7BCF,0x738E,0x73AE,0x73AE,0x7BEF,0x5ACB,
  0x0000,0x0000,0x0000,0x0000,0x4228,0x9CD3,0xC638,0xCE79,0xDEDB,0xF79E,0xF79E,0xF79E,
  0xF79E,0xF79E,0xF79E,0xF79E,0xF79E,0xF79E,0xF79E,0xF79E,0xF7BE,0xF79E,0xF79E,0xF79E,
  0xF79E,0xF79E,0xF79E,0xF79E,0xF79E,0xF79E,0xF79E,0xF79E,0xFFDF,0xCE79,0x7BCF,0x738E,
  0x73AE,0x73AE,0x73AE,0x73AE,0x73AE,0x73AE,0x738E,0x73AE,0x73AE,0x73AE,0x73AE,0x73AE,
  0x0000,0x0000,0x2104,0x9CD3,0xDEFB,0xF7BE,0xFFDF,0xF7BE,0xFFDF,0xF79E,0xF79E,0xF7BE,
  0xF79E,0xF79E,0xF79E,0xF79E,0xF79E,0xF79E,0xF79E,0xF79E,0xF7BE,0xF79E,0xF7BE,0xF79E,
  0xF79E,0xF79E,0xF79E,0xF79E,0xF79E,0xF79E,0xF79E,0xF79E,0xFFFF,0xE71C,0x8430,0x738E,
  0x73AE,0x73AE,0x73AE,0x73AE,0x73AE,0x73AE,0x73AE,0x73AE,0x73AE,0x73AE,0x73AE,0x6B6D,
  0x0000,0x18C3,0xAD75,0xF7BE,0xF7BE,0xEF7D,0xF79E,0xF79E,0xF79E,0xF79E,0xF79E,0xF79E,
  0xF79E,0xF79E,0xF79E,0xF79E,0xF79E,0xF79E,0xF79E,0xF79E,0xF79E,0xF79E,0xF79E,0xF79E,
  0xF79E,0xF79E,0xF79E,0xF79E,0xF79E,0xF79E,0xF79E,0xF79E,0xFFFF,0xD69A,0x630C,0x630C,
  0x73AE,0x738E,0x73AE,0x73AE,0x73AE,0x73AE,0x73AE,0x73AE,0x73AE,0x73AE,0x73AE,0x738E,
  0x0000,0x8430,0xFFFF,0xEF7D,0xEF7D,0xF79E,0xF79E,0xF79E,0xF79E,0xF79E,0xF79E,0xF79E,
  0xF79E,0xF79E,0xF79E,0xF79E,0xF79E,0xF79E,0xF79E,0xF79E,0xF79E,0xF79E,0xF79E,0xF79E,
  0xF79E,0xF79E,0xF79E,0xF79E,0xF79E,0xF79E,0xF79E,0xF79E,0xFFFF,0xDEDB,0x9CD3,0x9492,
  0x8C51,0x73AE,0x6B4D,0x73AE,0x73AE,0x73AE,0x73AE,0x738E,0x73AE,0x73AE,0x73AE,0x738E,
  0x4A49,0xDEFB,0xF79E,0xF79E,0xF79E,0xF79E,0xF79E,0xF79E,0xF79E,0xF79E,0xF79E,0xF79E,
  0xF79E,0xF79E,0xF79E,0xF79E,0xF79E,0xF79E,0xF79E,0xF79E,0xF79E,0xF79E,0xF79E,0xF79E,
  0xF79E,0xF79E,0xF79E,0xF79E,0xF79E,0xF79E,0xF79E,0xF79E,0xF79E,0xF7BE,0xFFFF,0xF79E,
  0xDEFB,0xD6BA,0x9CD3,0x632C,0x73AE,0x73AE,0x73AE,0x73AE,0x73AE,0x7BCF,0x73AE,0x738E,
  0x9492,0xF79E,0xF79E,0xF79E,0xF79E,0xF7BE,0xF79E,0xF79E,0xF79E,0xF79E,0xF79E,0xF79E,
  0xF79E,0xF79E,0xF79E,0xF79E,0xF79E,0xF79E,0xF79E,0xF79E,0xF79E,0xF79E,0xF79E,0xF79E,
  0xF79E,0xF79E,0xF79E,0xF79E,0xF79E,0xF79E,0xF79E,0xF79E,0xF79E,0xF7BE,0xF7BE,0xFFDF,
  0xFFDF,0xFFFF,0xF7BE,0x9CD3,0x6B4D,0x738E,0x73AE,0x73AE,0x738E,0x73AE,0x73AE,0x39C7,
  0xC638,0xFFDF,0xEF7D,0xF79E,0xF79E,0xF79E,0xF79E,0xF79E,0xF79E,0xF79E,0xF79E,0xF79E,
  0xF79E,0xF79E,0xF79E,0xF79E,0xF79E,0xF79E,0xF79E,0xF79E,0xF79E,0xF79E,0xF79E,0xF79E,
  0xF79E,0xF79E,0xF79E,0xF79E,0xF79E,0xF79E,0xF79E,0xF79E,0xF79E,0xEF7D,0xF79E,0xEF7D,
  0xF79E,0xF79E,0xFFFF,0xF79E,0x8430,0x6B6D,0x7BCF,0x7BCF,0x73AE,0x6B6D,0x2965,0x0000,
  0xD69A,0xF7BE,0xF79E,0xF79E,0xF7BE,0xF79E,0xF79E,0xF79E,0xF79E,0xF79E,0xF79E,0xF79E,
  0xF79E,0xF79E,0xF79E,0xF79E,0xF79E,0xF79E,0xF79E,0xF79E,0xF79E,0xF79E,0xF79E,0xF79E,
  0xF79E,0xF79E,0xF79E,0xF79E,0xF79E,0xF79E,0xF79E,0xF79E,0xF79E,0xF7BE,0xF7BE,0xF79E,
  0xF79E,0xEF7D,0xF79E,0xFFFF,0x7BCF,0x4A69,0x630C,0x630C,0x39E7,0x0000,0x0000,0x0000,
  0xCE79,0xF7BE,0xF79E,0xF79E,0xF79E,0xF79E,0xF79E,0xF79E,0xF79E,0xF79E,0xF79E,0xF79E,
  0xF79E,0xF79E,0xF79E,0xF79E,0xF79E,0xF79E,0xF79E,0xF79E,0xF79E,0xF79E,0xF79E,0xF79E,
  0xF79E,0xF79E,0xF79E,0xF79E,0xF79E,0xF79E,0xF79E,0xF79E,0xF79E,0xF79E,0xF79E,0xF79E,
  0xF79E,0xF79E,0xF79E,0xF7BE,0x9CF3,0x0000,0x0000,0x0000,0x0000,0x0000,0x0000,0x0000,
  0xA534,0xF7BE,0xF79E,0xF79E,0xF79E,0xF79E,0xF79E,0xF79E,0xF79E,0xF7BE,0xF79E,0xEF7D,
  0xF79E,0xF79E,0xF79E,0xF79E,0xF79E,0xF79E,0xF79E,0xF79E,0xF79E,0xF79E,0xF79E,0xF79E,
  0xF79E,0xF79E,0xF79E,0xF79E,0xF79E,0xF79E,0xF79E,0xF79E,0xF79E,0xF79E,0xF79E,0xF79E,
  0xF79E,0xF79E,0xEF7D,0xFFDF,0xBDD7,0x18E3,0x0000,0x0000,0x0000,0x0000,0x0000,0x0000,
  0x5ACB,0xEF5D,0xEF7D,0xF79E,0xF7BE,0xF79E,0xF79E,0xF79E,0xF79E,0xF79E,0xF79E,0xF7BE,
  0xF79E,0xF79E,0xF79E,0xF79E,0xF79E,0xF79E,0xF7BE,0xF79E,0xF79E,0xF79E,0xF79E,0xF79E,
  0xF79E,0xF79E,0xF79E,0xF79E,0xF79E,0xF79E,0xF79E,0xF79E,0xF79E,0xF79E,0xF79E,0xF79E,
  0xF7BE,0xF79E,0xF79E,0xF7BE,0x9CF3,0x0000,0x0000,0x0000,0x0000,0x0000,0x0000,0x0000,
  0x18E3,0xA534,0xF7BE,0xEF7D,0xF79E,0xF79E,0xF79E,0xF7BE,0xF79E,0xEF7D,0xF79E,0xF7BE,
  0xF79E,0xFFDF,0xFFDF,0xEF7D,0xF7BE,0xF79E,0xF79E,0xF79E,0xF79E,0xF79E,0xF79E,0xF79E,
  0xF79E,0xF79E,0xF79E,0xF79E,0xF79E,0xF79E,0xF79E,0xF79E,0xF79E,0xF79E,0xF79E,0xEF7D,
  0xF79E,0xF79E,0xF79E,0xF79E,0x632C,0x0000,0x0000,0x0000,0x0000,0x0000,0x0000,0x0000,
  0x0000,0x3186,0xD69A,0xFFDF,0xEF7D,0xF79E,0xF79E,0xF79E,0xF79E,0xF79E,0xF79E,0xEF7D,
  0xFFDF,0xF7BE,0xF7BE,0xF7BE,0xEF7D,0xF79E,0xF79E,0xF79E,0xF79E,0xF79E,0xF79E,0xF79E,
  0xF79E,0xF79E,0xF79E,0xF79E,0xF79E,0xF79E,0xF79E,0xF79E,0xF79E,0xF79E,0xF79E,0xF7BE,
  0xF79E,0xEF7D,0xFFDF,0xC638,0x2124,0x0000,0x0000,0x0000,0x0000,0x0000,0x0000,0x0000,
  0x0000,0x0000,0x4208,0xC618,0xF7BE,0xFFDF,0xF79E,0xF79E,0xF79E,0xF79E,0xF79E,0xFFDF,
  0xF79E,0x9CF3,0x9CF3,0xEF5D,0xFFDF,0xF79E,0xF79E,0xF79E,0xF79E,0xF79E,0xF79E,0xF79E,
  0xF79E,0xF79E,0xF79E,0xF79E,0xF79E,0xF79E,0xF79E,0xF79E,0xF79E,0xF79E,0xF79E,0xF79E,
  0xF7BE,0xFFDF,0xCE59,0x39E7,0x0000,0x0000,0x0000,0x0000,0x0000,0x0000,0x0000,0x0000,
  0x0000,0x0000,0x0000,0x2124,0x7BEF,0xC618,0xE71C,0xEF7D,0xEF5D,0xEF7D,0xEF7D,0xFFDF,
  0xCE59,0x8410,0x7BEF,0xCE79,0xFFDF,0xEF7D,0xEF7D,0xEF7D,0xEF7D,0xEF7D,0xEF7D,0xEF7D,
  0xEF7D,0xF79E,0xF7BE,0xF79E,0xEF7D,0xEF7D,0xEF7D,0xEF7D,0xEF7D,0xEF7D,0xF79E,0xEF5D,
  0xD69A,0x9CF3,0x2965,0x0000,0x0000,0x0000,0x0000,0x0000,0x0000,0x0000,0x0000,0x0000,
  0x0000,0x0000,0x0000,0x0000,0x0000,0x2104,0x528A,0x6B4D,0x632C,0x632C,0x6B4D,0x6B6D,
  0x7BEF,0x9CD3,0x7BEF,0x5AEB,0x6B4D,0x632C,0x6B4D,0x6B4D,0x632C,0x6B4D,0x632C,0x632C,
  0x632C,0x6B4D,0x5ACB,0x632C,0x6B6D,0x632C,0x6B4D,0x632C,0x632C,0x6B4D,0x632C,0x632C,
  0x39C7,0x0000,0x0000,0x0000,0x0000,0x0000,0x0000,0x0000,0x0000,0x0000,0x0000,0x0000,
  0x0000,0x0000,0x0000,0x0000,0x0000,0x0000,0x0000,0x0000,0x0000,0x0000,0x0000,0x0000,
  0x18E3,0x528A,0x3186,0x0000,0x0000,0x0000,0x0000,0x0000,0x0000,0x0000,0x0000,0x0000,
  0x0000,0x0000,0x0000,0x0000,0x0000,0x0000,0x0000,0x0000,0x0000,0x0000,0x0000,0x0000,
  0x0000,0x0000,0x0000,0x0000,0x0000,0x0000,0x0000,0x0000,0x0000,0x0000,0x0000,0x0000,
  0x0000,0x0000,0x0000,0x0000,0x0000,0x0000,0x0000,0x0000,0x0000,0x0000,0x0000,0x0000,
  0x0000,0x0000,0x0000,0x0000,0x0000,0x0000,0x0000,0x0000,0x0000,0x0000,0x0000,0x0000,
  0x0000,0x3186,0x8410,0x4228,0x0000,0x0000,0x0000,0x0000,0x0000,0x0000,0x0000,0x0000,
  0x0000,0x0000,0x0000,0x0000,0x0000,0x0000,0x0000,0x0000,0x0000,0x0000,0x0000,0x0000,
  0x0000,0x0000,0x0000,0x0000,0x0000,0x0000,0x0000,0x0000,0x0000,0x0000,0x0000,0x0000,
  0x0000,0x0000,0x0000,0x0000,0x0000,0x0000,0x4228,0x2965,0x0000,0x0000,0x0000,0x0000,
  0x0000,0x8410,0xB596,0x73AE,0x0000,0x0000,0x0000,0x0000,0x0000,0x0000,0x0000,0x0000,
  0x0000,0x0000,0x0000,0x0000,0x0000,0x0000,0x0000,0x0000,0x0000,0x0000,0x0000,0x0000,
  0x0000,0x0000,0x0000,0x0000,0x0000,0x0000,0x0000,0x0000,0x0000,0x0000,0x2124,0x52AA,
  0x2945,0x0000,0x0000,0x0000,0x0000,0x31A6,0x94B2,0x9492,0x3186,0x0000,0x0000,0x0000,
  0x0000,0x73AE,0xA514,0x4A49,0x0000,0x0000,0x0000,0x0000,0x0000,0x0000,0x0000,0x0000,
  0x0000,0x0000,0x0000,0x0000,0x0000,0x0000,0x0000,0x0000,0x0000,0x0000,0x0000,0x0000,
  0x0000,0x0000,0x0000,0x0000,0x0000,0x0000,0x0000,0x0000,0x0000,0x0000,0x6B4D,0xAD75,
  0x8C51,0x0000,0x0000,0x0000,0x0000,0x738E,0xA534,0x8C51,0x2945,0x0000,0x0000,0x0000,
  0x0000,0x18C3,0x39C7,0x0000,0x0000,0x0000,0x0000,0x0000,0x0000,0x0000,0x0000,0x0000,
  0x0000,0x0000,0x0000,0x0000,0x0000,0x0000,0x0000,0x0000,0x0000,0x0000,0x0000,0x0000,
  0x0000,0x0000,0x0000,0x0000,0x0000,0x0000,0x0000,0x0000,0x0000,0x10A2,0x8430,0xA534,
  0x7BEF,0x0000,0x0000,0x0000,0x2965,0x9492,0xAD55,0x630C,0x0000,0x0000,0x0000,0x0000,
  0x0000,0x0000,0x0000,0x0000,0x0000,0x0000,0x0000,0x0000,0x0000,0x0000,0x0000,0x0000,
  0x0000,0x0000,0x0000,0x0000,0x0000,0x0000,0x0000,0x0000,0x0000,0x0000,0x0000,0x0000,
  0x0000,0x0000,0x0000,0x0000,0x0000,0x0000,0x0000,0x0000,0x0000,0x4A69,0xA514,0x9CF3,
  0x39C7,0x0000,0x0000,0x0000,0x2965,0x8C71,0x94B2,0x39C7,0x0000,0x0000,0x0000,0x0000,
  0x0000,0x0000,0x0000,0x0000,0x0000,0x0000,0x0000,0x0000,0x0000,0x0000,0x0000,0x0000,
  0x0000,0x0000,0x0000,0x0000,0x0000,0x0000,0x0000,0x0000,0x0000,0x0000,0x0000,0x0000,
  0x0000,0x0000,0x0000,0x0000,0x0000,0x0000,0x0000,0x0000,0x0000,0x4A49,0x9CF3,0x8430,
  0x0000,0x0000,0x0000,0x0000,0x0000,0x2104,0x2965,0x0000,0x0000,0x0000,0x0000,0x0000,
  0x0000,0x0000,0x0000,0x0000,0x0000,0x0000,0x0000,0x0000,0x0000,0x0000,0x0000,0x0000,
  0x0000,0x0000,0x0000,0x0000,0x0000,0x0000,0x0000,0x0000,0x0000,0x0000,0x0000,0x0000,
  0x0000,0x0000,0x0000,0x0000,0x0000,0x0000,0x0000,0x0000,0x0000,0x0000,0x3186,0x2124,
  0x0000,0x0000,0x0000,0x0000,0x2965,0x0000,0x0000,0x0000,0x0000,0x0000,0x0000,0x630C,
  0x5AEB,0x0000,0x0000,0x0000,0x0000,0x0000,0x0000,0x0000,0x0000,0x0000,0x0000,0x0000,
  0x0000,0x0000,0x0000,0x0000,0x0000,0x0000,0x0000,0x0000,0x0000,0x0000,0x0000,0x0000,
  0x0000,0x0000,0x0000,0x0000,0x0000,0x0000,0x0000,0x0000,0x0000,0x0000,0x0000,0x0000,
  0x0000,0x0000,0x0000,0x52AA,0x9CD3,0x738E,0x0000,0x0000,0x0000,0x0000,0x52AA,0xA534,
  0x9CD3,0x2965,0x0000,0x0000,0x0000,0x0000,0x0000,0x0000,0x0000,0x0000,0x0000,0x0000,
  0x0000,0x0000,0x0000,0x0000,0x0000,0x0000,0x0000,0x0000,0x0000,0x0000,0x0000,0x0000,
  0x0000,0x0000,0x0000,0x0000,0x0000,0x0000,0x0000,0x0000,0x0000,0x0000,0x0000,0x0000,
  0x0000,0x0000,0x0000,0x73AE,0xAD75,0x8410,0x0000,0x0000,0x0000,0x10A2,0x8410,0xAD55,
  0x8410,0x0000,0x0000,0x0000,0x0000,0x0000,0x0000,0x0000,0x0000,0x0000,0x0000,0x0000,
  0x0000,0x0000,0x0000,0x0000,0x0000,0x0000,0x0000,0x0000,0x0000,0x0000,0x0000,0x0000,
  0x0000,0x0000,0x0000,0x0000,0x0000,0x0000,0x0000,0x0000,0x0000,0x0000,0x0000,0x0000,
  0x0000,0x0000,0x0000,0x39E7,0x6B6D,0x2945,0x0000,0x0000,0x0000,0x2104,0x8C71,0xAD75,
  0x630C,0x0000,0x0000,0x0000,0x0000,0x0000,0x0000,0x0000,0x0000,0x0000,0x0000,0x0000,
  0x0000,0x0000,0x0000,0x0000,0x0000,0x0000,0x0000,0x0000,0x0000,0x0000,0x0000,0x0000,
  0x0000,0x0000,0x0000,0x0000,0x0000,0x0000,0x0000,0x0000,0x0000,0x0000,0x0000,0x0000,
  0x0000,0x0000,0x0000,0x0000,0x0000,0x0000,0x0000,0x0000,0x0000,0x0000,0x39E7,0x52AA,
  0x2104,0x0000,0x0000,0x0000,0x0000,0x0000,0x0000,0x0000,0x0000,0x0000,0x0000,0x0000,
  0x0000,0x0000,0x0000,0x0000,0x0000,0x0000,0x0000,0x0000,0x0000,0x0000,0x0000,0x0000,
  0x0000,0x0000,0x0000,0x0000,0x0000,0x0000,0x0000,0x0000,0x0000,0x0000,0x0000,0x0000,
  0x0000,0x0000,0x0000,0x0000,0x0000,0x0000,0x0000,0x0000,0x0000,0x0000,0x0000,0x0000,
  0x0000,0x0000,0x0000,0x0000,0x0000,0x0000,0x0000,0x0000,0x0000,0x0000,0x0000,0x0000,
  0x0000,0x0000,0x0000,0x0000,0x0000,0x0000,0x0000,0x0000,0x0000,0x0000,0x0000,0x0000,
  0x18C3,0x0000,0x0000,0x0000,0x0000,0x0000,0x0000,0x0000,0x0000,0x0000,0x0000,0x0000,
  0x0000,0x0000,0x0000,0x0000,0x0000,0x0000,0x0000,0x0000,0x0000,0x0000,0x0000,0x0000,
  0x0000,0x0000,0x0000,0x0000,0x0000,0x0000,0x0000,0x0000,0x0000,0x0000,0x0000,0x0000,
  0x0000,0x0000,0x0000,0x0000,0x0000,0x0000,0x0000,0x0000,0x0000,0x0000,0x0000,0x18C3,
};

static const uint16_t PROGMEM wicon_10d[] = {
  0x18C3,0x0000,0x0000,0x0000,0x0000,0x0000,0x0000,0x0000,0x0000,0x0000,0x0000,0x0000,
  0x0000,0x0000,0x0000,0x0000,0x0000,0x0000,0x0000,0x0000,0x0000,0x0000,0x0000,0x0000,
  0x0000,0x0000,0x0000,0x0000,0x0000,0x0000,0x0000,0x0000,0x3080,0x38A1,0x40C1,0x48A2,
  0x4081,0x3881,0x2861,0x0000,0x0000,0x0000,0x0000,0x0000,0x0000,0x0000,0x0000,0x10A3,
  0x0000,0x0000,0x0000,0x0000,0x0000,0x0000,0x0000,0x0000,0x0000,0x0000,0x0000,0x0000,
  0x0000,0x0000,0x0000,0x0000,0x0000,0x0000,0x0000,0x0000,0x0000,0x0000,0x0000,0x0000,
  0x0000,0x0000,0x0000,0x0000,0x0000,0x0000,0x38A1,0x6985,0x9AA7,0xB349,0xC3AB,0xC38B,
  0xBB4A,0xA2C8,0x81E6,0x48E2,0x0000,0x0000,0x0000,0x0000,0x0000,0x0000,0x0000,0x0000,
  0x0000,0x0000,0x0000,0x0000,0x0000,0x0000,0x0000,0x0000,0x0000,0x0000,0x0000,0x0000,
  0x0000,0x0000,0x0000,0x0000,0x0000,0x0000,0x0000,0x0000,0x0000,0x0000,0x0000,0x0000,
  0x0000,0x0000,0x0000,0x0000,0x38E2,0x8205,0xBB09,0xD36A,0xDB6A,0xEB8A,0xEB8A,0xEB8A,
  0xEB8A,0xE369,0xDB69,0xC349,0x8A66,0x4923,0x0000,0x0000,0x0000,0x0000,0x0000,0x0000,
  0x0000,0x0000,0x0000,0x0000,0x0000,0x0000,0x0000,0x0000,0x0000,0x0000,0x0000,0x0000,
  0x0000,0x0000,0x0000,0x0000,0x0000,0x0000,0x0000,0x0000,0x0000,0x0000,0x0000,0x0000,
  0x0000,0x0000,0x0000,0x6963,0xBB2A,0xE38A,0xE38A,0xE389,0xEB89,0xEB49,0xEB49,0xEB69,
  0xEB69,0xE369,0xE3A9,0xE3AA,0xE3AA,0xCB4A,0x81E6,0x0000,0x0000,0x0000,0x0000,0x0000,
  0x0000,0x0000,0x0000,0x0000,0x0000,0x0000,0x0000,0x0000,0x0000,0x0000,0x0000,0x0000,
  0x0000,0x0000,0x0000,0x0000,0x0000,0x18C2,0x2124,0x20C3,0x0000,0x0000,0x0000,0x0000,
  0x0000,0x0000,0x8205,0xD38B,0xEB8B,0xEB69,0xEB68,0xEB89,0xEB69,0xEB69,0xEB69,0xEB69,
  0xEB69,0xEB69,0xE389,0xE369,0xF348,0xF349,0xE38B,0x9AA8,0x2860,0x0000,0x0000,0x0000,
  0x0000,0x0000,0x0000,0x0000,0x0000,0x0000,0x0000,0x0000,0x0000,0x0000,0x0000,0x0000,
  0x0000,0x0000,0x3165,0x738D,0x9491,0xAD74,0xB5D6,0xAD55,0x9CB3,0x73AF,0x31C6,0x0000,
  0x0000,0x8184,0xE38A,0xEB8A,0xEB49,0xEB89,0xEB69,0xEB49,0xF34A,0xEB6A,0xEB69,0xE389,
  0xEB89,0xEB6A,0xF349,0xF369,0xF369,0xF369,0xEB69,0xE3CB,0x9A87,0x0000,0x0000,0x0000,
  0x0000,0x0000,0x0000,0x0000,0x0000,0x0000,0x0000,0x0000,0x0000,0x0000,0x0000,0x0000,
  0x0000,0x6B2D,0xCE38,0xFFBE,0xFFFE,0xF7FE,0xF7DF,0xFFBF,0xFFDF,0xF7DF,0xCE99,0x6B2B,
  0x6186,0xBA89,0xF369,0xF349,0xEB69,0xE369,0xEB8A,0xEB69,0xEB69,0xEB69,0xEB69,0xEB89,
  0xEB69,0xF369,0xF369,0xEB69,0xEB6A,0xEB6A,0xEB69,0xEB69,0xDBCA,0x8A26,0x0000,0x0000,
  0x0000,0x0000,0x0000,0x0000,0x0000,0x0000,0x0000,0x0000,0x0000,0x0000,0x0000,0x0000,
  0x9492,0xEF7E,0xFFBF,0xF77D,0xF79D,0xEF9D,0xF79E,0xF77E,0xF75E,0xEF9E,0xF7DE,0xF79D,
  0xEE38,0xC34B,0xDAC7,0xF369,0xEB69,0xEB89,0xEB89,0xEB69,0xEB89,0xEB89,0xEB69,0xEB69,
  0xEB69,0xEB68,0xEB68,0xEB69,0xEB6A,0xEB6A,0xEB69,0xEB68,0xEB89,0xCB69,0x5902,0x0000,
  0x0000,0x0000,0x0000,0x0000,0x0000,0x0000,0x0000,0x0000,0x0000,0x0000,0x0000,0x8430,
  0xFFDF,0xF79E,0xF79E,0xF79E,0xEF9D,0xF79D,0xF79E,0xFF7E,0xF77E,0xF7BE,0xEF9D,0xF79D,
  0xFFFF,0xF656,0xCB08,0xDB08,0xEB89,0xE389,0xE368,0xEB69,0xEB69,0xEB69,0xEB69,0xEB69,
  0xEB69,0xF369,0xF369,0xEB69,0xEB6A,0xEB6A,0xEB69,0xEB69,0xEB69,0xE38A,0x9A67,0x3860,
  0x0000,0x0000,0x0000,0x0000,0x0000,0x0000,0x0000,0x0000,0x0000,0x0000,0x5ACB,0xEF5D,
  0xF7BE,0xEF9E,0xF79E,0xF79E,0xF79E,0xF7BE,0xF79E,0xF79E,0xF7BE,0xEF9E,0xF79E,0xF79D,
  0xF7BD,0xFFDD,0xE532,0xCAA7,0xF369,0xEBA9,0xEB89,0xF38A,0xF369,0xF369,0xEB69,0xEB6A,
  0xEB6A,0xF369,0xF369,0xEB69,0xEB69,0xEB69,0xEB69,0xEB69,0xEB69,0xEB8A,0xCB4A,0x6902,
  0x0000,0x0000,0x0000,0x0000,0x0000,0x0000,0x0000,0x0000,0x0000,0x0000,0xB5B6,0xFFDF,
  0xF79E,0xF79E,0xF79E,0xF77D,0xF7BE,0xEF9E,0xF79E,0xF79E,0xF7BE,0xF7BE,0xF79E,0xEF7D,
  0xEF9E,0xFFDE,0xFEFB,0xE36C,0xEAA7,0xEB69,0xEB29,0xEB09,0xEB29,0xF349,0xEB69,0xEB8A,
  0xE36A,0xEB69,0xEB69,0xEB69,0xEB69,0xEB69,0xEB89,0xEB69,0xEB68,0xEB69,0xDB8B,0xA226,
  0x0000,0x0000,0x0000,0x0000,0x0000,0x0000,0x0000,0x0000,0x0000,0x39E7,0xD69A,0xFFDF,
  0xEF7D,0xF79E,0xF79E,0xEF7D,0xF79E,0xF7BE,0xF79E,0xF79E,0xF79D,0xF79D,0xF7BE,0xF79E,
  0xF77E,0xF7BF,0xFFFE,0xFCB0,0xD204,0xDAA6,0xD2C7,0xD2C8,0xD2C7,0xDAC6,0xEB27,0xEB69,
  0xEB6A,0xEB69,0xEB69,0xEB69,0xEB69,0xEB6A,0xEB69,0xEB69,0xEB68,0xEB69,0xE38A,0xCAE8,
  0x0000,0x0000,0x0000,0x0000,0x0000,0x0000,0x0000,0x0000,0x0000,0x7BCF,0xF79E,0xEF7D,
  0xF79E,0xF79E,0xF79E,0xF7BE,0xF79E,0xF77E,0xF79E,0xF79E,0xF79D,0xF79E,0xF79E,0xF7BE,
  0xF77E,0xEFBE,0xFFFF,0xED53,0xBA86,0xE46E,0xFD93,0xFDF5,0xF592,0xE46D,0xD348,0xDB07,
  0xF369,0xF36A,0xEB69,0xEB69,0xEB6A,0xEB6A,0xEB69,0xEB69,0xEB68,0xEB68,0xEB89,0xD2E8,
  0x0000,0x0000,0x0000,0x0000,0x0000,0x0000,0x0000,0x0000,0x0000,0x9CD3,0xFFDF,0xEF7D,
  0xF79E,0xF79E,0xF79E,0xF79E,0xF79E,0xF79E,0xF79E,0xF79E,0xF79E,0xF79E,0xF79E,0xF79E,
  0xF79E,0xF7BE,0xFFDE,0xEE78,0xEE57,0xFF9D,0xFFFE,0xFFDE,0xFFDE,0xFF9D,0xEE15,0xCB28,
  0xDAC6,0xF36A,0xEB69,0xEB69,0xEB69,0xEB6A,0xEB69,0xEB69,0xEB69,0xEB88,0xEB8A,0xDAE9,
  0x0000,0x0000,0x0000,0x0000,0x0000,0x0000,0x0000,0x0000,0x0000,0x9492,0xFFFF,0xEF7D,
  0xF79E,0xF79E,0xF79E,0xF79E,0xF79E,0xF79E,0xF79E,0xF79E,0xF79E,0xF79E,0xF79E,0xF79E,
  0xF79E,0xF79E,0xF79D,0xFF9D,0xFFFF,0xFFBF,0xF7BE,0xF79E,0xF79E,0xFFDE,0xFFDE,0xF615,
  0xCB49,0xE308,0xF389,0xEB89,0xEB69,0xEB69,0xE36A,0xEB6A,0xEB69,0xEB69,0xEB69,0xD308,
  0x0000,0x0000,0x0000,0x0000,0x0000,0x0000,0x0000,0x2124,0x2945,0x8C71,0xF79E,0xF79E,
  0xF79E,0xF79E,0xF79E,0xF79E,0xF79E,0xF79E,0xF79E,0xF79E,0xF79E,0xF79E,0xF79E,0xF79E,
  0xF79E,0xF79E,0xF79E,0xF7BE,0xF77E,0xF77E,0xF79E,0xF79E,0xF79E,0xEF9E,0xF7BE,0xFFDE,
  0xE4F1,0xD266,0xEB48,0xEB89,0xEB68,0xEB69,0xEB6A,0xEB69,0xEB69,0xEB69,0xE389,0xD327,
  0x0000,0x0000,0x0000,0x0000,0x18E3,0x5ACB,0x9492,0xB5B6,0xBDD7,0xD69A,0xF79E,0xF79E,
  0xF79E,0xF79E,0xF79E,0xF79E,0xF79E,0xF79E,0xF79E,0xF79E,0xF79E,0xF79E,0xF79E,0xF79E,
  0xF79E,0xF79E,0xF79E,0xEFBE,0xEF9D,0xFF9D,0xF77D,0xF79F,0xEFBE,0xEF9E,0xF79E,0xFFDF,
  0xFE37,0xDAC7,0xE328,0xEBAA,0xEB88,0xEB69,0xEB69,0xEB89,0xEB89,0xE369,0xE38A,0xCAE7,
  0x0000,0x0000,0x0000,0x52AA,0xB596,0xEF7D,0xFFFF,0xFFDF,0xF7BE,0xF7BE,0xF79E,0xF79E,
  0xF7BE,0xF79E,0xF79E,0xF79E,0xF79E,0xF79E,0xF79E,0xF79E,0xF79E,0xF79E,0xF79E,0xF79E,
  0xF79E,0xF79E,0xF79E,0xEF9E,0xEFBD,0xF7BD,0xF79E,0xF77E,0xEFBE,0xEF9D,0xEF7E,0xFFFF,
  0xFEFA,0xF38A,0xF308,0xF36A,0xEB88,0xEB88,0xEB88,0xEB69,0xEB69,0xEB89,0xDB8A,0xA245,
  0x0000,0x0000,0x630C,0xDEFB,0xFFDF,0xF79E,0xEF7D,0xF79E,0xF79E,0xF79E,0xF79E,0xF79E,
  0xF79E,0xF79E,0xF79E,0xF79E,0xF79E,0xF79E,0xF79E,0xF79E,0xF79E,0xF79E,0xF79E,0xF79E,
  0xF79E,0xF79E,0xF79E,0xF79E,0xF7BD,0xEFBD,0xF79D,0xF77E,0xF79D,0xF7BD,0xEFBE,0xFFFF,
  0xFE78,0xCA86,0xD205,0xE288,0xE328,0xEB88,0xEB88,0xEB69,0xEB69,0xEB8A,0xC36A,0x6942,
  0x0000,0x4228,0xDEDB,0xF7BE,0xEF7D,0xF79E,0xF79E,0xF79E,0xF79E,0xF79E,0xF79E,0xF79E,
  0xF79E,0xF79E,0xF79E,0xF79E,0xF79E,0xF79E,0xF79E,0xF79E,0xF79E,0xF79E,0xF79E,0xF79E,
  0xF79E,0xF79E,0xF79E,0xF79E,0xF79E,0xF79E,0xF79E,0xF79E,0xF79E,0xEF9D,0xEFDE,0xFFDF,
  0xEE38,0xC3ED,0xDC0D,0xDBCC,0xCAE8,0xDAE7,0xF369,0xEB89,0xE369,0xE38A,0x9A68,0x3860,
  0x2124,0xB596,0xFFDF,0xEF7D,0xF79E,0xF79E,0xF79E,0xF79E,0xF79E,0xF79E,0xF79E,0xF79E,
  0xF79E,0xF79E,0xF79E,0xF79E,0xF79E,0xF79E,0xF79E,0xF79E,0xF79E,0xF79E,0xF79E,0xF79E,
  0xF79E,0xF79E,0xF79E,0xF79E,0xF79E,0xF79E,0xEF9E,0xEFBE,0xF77E,0xF79E,0xEFBE,0xF77D,
  0xFF3C,0xFF5B,0xFF7B,0xFEF9,0xFDF6,0xD3CC,0xCA86,0xE369,0xEBAA,0xD36B,0x5903,0x0000,
  0x632C,0xE73C,0xF79E,0xF79E,0xF79E,0xF79E,0xF79E,0xF79E,0xF79E,0xF79E,0xF79E,0xF79E,
  0xF79E,0xF79E,0xF79E,0xF79E,0xF79E,0xF79E,0xF79E,0xF79E,0xF79E,0xF79E,0xF79E,0xF79E,
  0xF79E,0xF79E,0xF79E,0xF79D,0xEFBE,0xEF9E,0xEF9E,0xF79E,0xF75E,0xF77E,0xF79E,0xF77D,
  0xFFBE,0xFFDE,0xF7DD,0xFFDD,0xFFFE,0xFF5B,0xDC0D,0xCA86,0xE38A,0x8A07,0x0000,0x0000,
  0xB596,0xF79E,0xF79E,0xF7BE,0xEF7D,0xF79E,0xF79E,0xF79E,0xF79E,0xF79E,0xF79E,0xF79E,
  0xF79E,0xF79E,0xF79E,0xF79E,0xF79E,0xF79E,0xF79E,0xF79E,0xF79E,0xF79E,0xF79E,0xF79E,
  0xF79E,0xF79E,0xF79D,0xF7BD,0xEFBE,0xF79F,0xF79E,0xFF9D,0xFF9D,0xF79E,0xF77E,0xF77E,
  0xF79E,0xEFBD,0xF79D,0xF79D,0xEF9E,0xFFDE,0xFF7B,0xCC0D,0x81A4,0x3041,0x0000,0x0000,
  0xD69A,0xF79E,0xF79E,0xF79E,0xF7BE,0xF79E,0xF79E,0xF79E,0xF79E,0xF79E,0xF79E,0xF79E,
  0xF79E,0xF79E,0xF79E,0xF79E,0xF79E,0xF79E,0xF79E,0xF79E,0xF79E,0xF79E,0xF79E,0xF79E,
  0xF79E,0xF79D,0xF79D,0xF79D,0xF79E,0xF79E,0xFF7E,0xFF7D,0xF79D,0xF79E,0xF79E,0xF79F,
  0xF79E,0xF79E,0xF79D,0xF79E,0xF79E,0xF79D,0xFFFF,0xC533,0x3060,0x0000,0x0000,0x0000,
  0xD6BA,0xF7BE,0xF7BE,0xF79E,0xF79E,0xF79E,0xF79E,0xF79E,0xF79E,0xF79E,0xF79E,0xF79E,
  0xF79E,0xF79E,0xF79E,0xF79E,0xF79E,0xF79E,0xF79E,0xF79E,0xF79E,0xF79E,0xF79E,0xF79E,
  0xF79E,0xF79E,0xF79E,0xF79E,0xF79E,0xF79E,0xF79E,0xF79E,0xEFBE,0xEFBD,0xF79E,0xF79E,
  0xF79E,0xF79E,0xF7BE,0xEF7E,0xF7BF,0xF77E,0xFFBE,0xC5F8,0x2924,0x0000,0x0000,0x0000,
  0xD69A,0xF79E,0xF79E,0xF79E,0xF7BE,0xF79E,0xF79E,0xF79E,0xF79E,0xF79E,0xF79E,0xF79E,
  0xF79E,0xF79E,0xF79E,0xF79E,0xF79E,0xF79E,0xF79E,0xF79E,0xF79E,0xF79E,0xF79E,0xF79E,
  0xF79E,0xF79E,0xF79E,0xF79E,0xF79E,0xF79E,0xF79E,0xEF9E,0xEF9E,0xEFBE,0xF7BE,0xF79E,
  0xF79E,0xF79E,0xF7BE,0xF79E,0xF79E,0xF79E,0xF79E,0xEF7E,0x4A8A,0x0000,0x0000,0x0000,
  0xA534,0xF79E,0xF7BE,0xEF7D,0xF7BE,0xF79E,0xF79E,0xF79E,0xF79E,0xF7BE,0xF79E,0xF79E,
  0xF79E,0xF79E,0xF79E,0xF7BE,0xF79E,0xF79E,0xF79E,0xF79E,0xF79E,0xF79E,0xF79E,0xF79E,
  0xF79E,0xF79E,0xF79E,0xF79E,0xF79E,0xF79E,0xF79E,0xF79E,0xF79E,0xF79E,0xF79E,0xF79E,
  0xF79E,0xF79E,0xF79E,0xF79E,0xF79E,0xF79E,0xF7BE,0xF7BE,0x52CA,0x0000,0x0000,0x0000,
  0x5ACB,0xE71C,0xF7BE,0xF79E,0xF79E,0xF7BE,0xF79E,0xF79E,0xF79E,0xF79E,0xF79E,0xF7BE,
  0xF79E,0xF79E,0xF79E,0xF79E,0xF79E,0xF79E,0xF79E,0xF79E,0xF79E,0xF79E,0xF79E,0xF79E,
  0xF79E,0xF79E,0xF79E,0xF79E,0xF79E,0xF79E,0xF79E,0xF79E,0xF79E,0xF79E,0xF79E,0xF79E,
  0xF79E,0xF79E,0xF79E,0xF79E,0xF79E,0xF79E,0xF79E,0xE71C,0x4228,0x0000,0x0000,0x0000,
  0x2104,0xA514,0xFFDF,0xEF7D,0xF79E,0xF79E,0xF79E,0xF79E,0xF79E,0xF79E,0xF79E,0xF79E,
  0xF79E,0xF79E,0xF79E,0xF79E,0xF79E,0xF79E,0xF79E,0xF79E,0xF79E,0xF79E,0xF79E,0xF79E,
  0xF79E,0xF79E,0xF79E,0xF79E,0xF79E,0xF79E,0xF79E,0xF79E,0xF79E,0xF79E,0xF79E,0xF79E,
  0xF79E,0xF79E,0xF79E,0xF79E,0xF79E,0xF79E,0xF7BE,0xB5B6,0x2104,0x0000,0x0000,0x0000,
  0x0000,0x31A6,0xCE79,0xFFDF,0xEF7D,0xF79E,0xF79E,0xF79E,0xF79E,0xF79E,0xF79E,0xF79E,
  0xF79E,0xF7BE,0xFFFF,0xFFFF,0xFFDF,0xF79E,0xF79E,0xF79E,0xF79E,0xF79E,0xF79E,0xF79E,
  0xF79E,0xF79E,0xF79E,0xF79E,0xF79E,0xF79E,0xF79E,0xF79E,0xF79E,0xF79E,0xF79E,0xF79E,
  0xF79E,0xF79E,0xF79E,0xF79E,0xF79E,0xEF7D,0xFFDF,0x6B6D,0x0000,0x0000,0x0000,0x0000,
  0x0000,0x0000,0x4A49,0xCE79,0xFFFF,0xF79E,0xF7BE,0xF79E,0xF79E,0xF79E,0xF79E,0xF79E,
  0xF7BE,0xF7BE,0xCE79,0xC618,0xE73C,0xFFDF,0xF79E,0xF79E,0xF79E,0xF79E,0xF79E,0xF79E,
  0xF79E,0xF79E,0xF79E,0xF79E,0xF79E,0xF79E,0xF79E,0xF79E,0xF79E,0xF79E,0xF79E,0xF79E,
  0xF79E,0xF79E,0xF79E,0xF79E,0xF7BE,0xFFDF,0x9CD3,0x18C3,0x0000,0x0000,0x0000,0x0000,
  0x0000,0x0000,0x0000,0x39C7,0xA514,0xE73C,0xF7BE,0xF7BE,0xF7BE,0xF7BE,0xF7BE,0xF7BE,
  0xFFFF,0xDEDB,0x8C71,0x8C71,0xC638,0xFFFF,0xF7BE,0xF7BE,0xF7BE,0xF7BE,0xF7BE,0xF7BE,
  0xF7BE,0xF7BE,0xF7BE,0xF7BE,0xFFDF,0xFFDF,0xF7BE,0xF7BE,0xF7BE,0xF7BE,0xF7BE,0xF7BE,
  0xF7BE,0xF7BE,0xF7BE,0xF79E,0xE71C,0x8430,0x0000,0x0000,0x0000,0x0000,0x0000,0x0000,
  0x0000,0x0000,0x0000,0x0000,0x10A2,0x4228,0x6B4D,0x8C71,0x9CD3,0x9CD3,0x94B2,0x94B2,
  0x9CF3,0xA514,0xA514,0x9CD3,0x94B2,0x9CD3,0x94B2,0x9CD3,0x9CD3,0x9CD3,0x94B2,0x94B2,
  0x94B2,0x94B2,0x94B2,0x9CF3,0x9CD3,0x9CF3,0x9CD3,0x94B2,0x94B2,0x94B2,0x94B2,0x9CD3,
  0x94B2,0x9CD3,0x9492,0x6B4D,0x4208,0x0000,0x0000,0x0000,0x0000,0x0000,0x0000,0x0000,
  0x0000,0x0000,0x0000,0x0000,0x0000,0x0000,0x0000,0x0000,0x10A2,0x0000,0x10A2,0x0000,
  0x0000,0x4228,0x8430,0x632C,0x18E3,0x0000,0x10A2,0x10A2,0x10A2,0x10A2,0x10A2,0x0000,
  0x0000,0x10A2,0x0000,0x0000,0x0000,0x0000,0x0000,0x10A2,0x0000,0x0000,0x0000,0x0000,
  0x0000,0x10A2,0x0000,0x0000,0x0000,0x0000,0x0000,0x0000,0x0000,0x0000,0x0000,0x0000,
  0x0000,0x0000,0x0000,0x0000,0x0000,0x0000,0x0000,0x0000,0x0000,0x0000,0x0000,0x0000,
  0x0000,0x0000,0x18E3,0x0000,0x0000,0x0000,0x0000,0x0000,0x0000,0x0000,0x0000,0x0000,
  0x0000,0x0000,0x0000,0x0000,0x2104,0x0000,0x0000,0x0000,0x0000,0x0000,0x0000,0x0000,
  0x0000,0x0000,0x0000,0x0000,0x0000,0x0000,0x0000,0x0000,0x0000,0x0000,0x0000,0x0000,
  0x0000,0x0000,0x0000,0x0000,0x0000,0x0000,0x0000,0x0000,0x0000,0x0000,0x0000,0x0000,
  0x0000,0x0000,0x0000,0x0000,0x0000,0x0000,0x0000,0x0000,0x0000,0x0000,0x0000,0x0000,
  0x0000,0x0000,0x0000,0x4228,0xA514,0x8430,0x2104,0x0000,0x0000,0x0000,0x0000,0x0000,
  0x0000,0x0000,0x0000,0x0000,0x0000,0x0000,0x0000,0x0000,0x0000,0x0000,0x0000,0x0000,
  0x0000,0x0000,0x0000,0x0000,0x0000,0x0000,0x0000,0x0000,0x0000,0x0000,0x0000,0x0000,
  0x0000,0x0000,0x0000,0x0000,0x0000,0x0000,0x0000,0x4208,0x632C,0x31A6,0x0000,0x0000,
  0x0000,0x0000,0x10A2,0x8410,0xC618,0xA534,0x2965,0x0000,0x0000,0x0000,0x0000,0x0000,
  0x0000,0x0000,0x0000,0x0000,0x0000,0x0000,0x0000,0x0000,0x0000,0x0000,0x0000,0x0000,
  0x0000,0x0000,0x0000,0x0000,0x0000,0x0000,0x0000,0x0000,0x0000,0x0000,0x0000,0x3186,
  0x630C,0x3186,0x0000,0x0000,0x0000,0x0000,0x18E3,0x8C71,0xB5B6,0x8C51,0x18C3,0x0000,
  0x0000,0x0000,0x0000,0x632C,0xA534,0x630C,0x0000,0x0000,0x0000,0x0000,0x0000,0x0000,
  0x0000,0x0000,0x0000,0x0000,0x0000,0x0000,0x0000,0x0000,0x0000,0x0000,0x0000,0x0000,
  0x0000,0x0000,0x0000,0x0000,0x0000,0x0000,0x0000,0x0000,0x0000,0x0000,0x0000,0x8430,
  0xBDD7,0x9492,0x18C3,0x0000,0x0000,0x0000,0x4208,0xAD55,0xB596,0x738E,0x0000,0x0000,
  0x0000,0x0000,0x0000,0x0000,0x2965,0x0000,0x0000,0x0000,0x0000,0x0000,0x0000,0x0000,
  0x0000,0x0000,0x0000,0x0000,0x0000,0x0000,0x0000,0x0000,0x0000,0x0000,0x0000,0x0000,
  0x0000,0x0000,0x0000,0x0000,0x0000,0x0000,0x0000,0x0000,0x0000,0x0000,0x2965,0xA534,
  0xBDD7,0x8410,0x0000,0x0000,0x0000,0x0000,0x73AE,0xB5B6,0xAD55,0x39C7,0x0000,0x0000,
  0x0000,0x0000,0x0000,0x0000,0x0000,0x0000,0x0000,0x0000,0x0000,0x0000,0x0000,0x0000,
  0x0000,0x0000,0x0000,0x0000,0x0000,0x0000,0x0000,0x0000,0x0000,0x0000,0x0000,0x0000,
  0x0000,0x0000,0x0000,0x0000,0x0000,0x0000,0x0000,0x0000,0x0000,0x0000,0x7BCF,0xB5B6,
  0xA534,0x31A6,0x0000,0x0000,0x0000,0x18C3,0x7BCF,0xB5B6,0x7BEF,0x0000,0x0000,0x0000,
  0x0000,0x0000,0x0000,0x0000,0x0000,0x0000,0x0000,0x0000,0x0000,0x0000,0x0000,0x0000,
  0x0000,0x0000,0x0000,0x0000,0x0000,0x0000,0x0000,0x0000,0x0000,0x0000,0x0000,0x0000,
  0x0000,0x0000,0x0000,0x0000,0x0000,0x0000,0x0000,0x0000,0x0000,0x0000,0x7BCF,0xC618,
  0x9CD3,0x0000,0x0000,0x0000,0x0000,0x0000,0x18E3,0x4A49,0x2104,0x0000,0x0000,0x0000,
  0x0000,0x0000,0x0000,0x0000,0x0000,0x0000,0x0000,0x0000,0x0000,0x0000,0x0000,0x0000,
  0x0000,0x0000,0x0000,0x0000,0x0000,0x0000,0x0000,0x0000,0x0000,0x0000,0x0000,0x0000,
  0x0000,0x0000,0x0000,0x0000,0x0000,0x0000,0x0000,0x0000,0x0000,0x0000,0x18E3,0x5ACB,
  0x39E7,0x0000,0x0000,0x0000,0x0000,0x0000,0x0000,0x0000,0x0000,0x0000,0x0000,0x0000,
  0x0000,0x528A,0x4228,0x0000,0x0000,0x0000,0x0000,0x0000,0x0000,0x0000,0x0000,0x0000,
  0x0000,0x0000,0x0000,0x0000,0x0000,0x0000,0x0000,0x0000,0x0000,0x0000,0x0000,0x0000,
  0x0000,0x0000,0x0000,0x0000,0x0000,0x0000,0x0000,0x0000,0x0000,0x0000,0x0000,0x0000,
  0x0000,0x0000,0x0000,0x0000,0x2124,0x7BEF,0x738E,0x18E3,0x0000,0x0000,0x0000,0x0000,
  0x4228,0xB596,0xA534,0x4228,0x0000,0x0000,0x0000,0x0000,0x0000,0x0000,0x0000,0x0000,
  0x0000,0x0000,0x0000,0x0000,0x0000,0x0000,0x0000,0x0000,0x0000,0x0000,0x0000,0x0000,
  0x0000,0x0000,0x0000,0x0000,0x0000,0x0000,0x0000,0x0000,0x0000,0x0000,0x0000,0x0000,
  0x0000,0x0000,0x0000,0x0000,0x632C,0xC618,0xB596,0x39E7,0x0000,0x0000,0x0000,0x0000,
  0x8430,0xBDD7,0x9CF3,0x31A6,0x0000,0x0000,0x0000,0x0000,0x0000,0x0000,0x0000,0x0000,
  0x0000,0x0000,0x0000,0x0000,0x0000,0x0000,0x0000,0x0000,0x0000,0x0000,0x0000,0x0000,
  0x0000,0x0000,0x0000,0x0000,0x0000,0x0000,0x0000,0x0000,0x0000,0x0000,0x0000,0x0000,
  0x0000,0x0000,0x0000,0x0000,0x4A69,0xAD55,0x8410,0x18C3,0x0000,0x0000,0x0000,0x31A6,
  0xAD75,0xB5B6,0x738E,0x0000,0x0000,0x0000,0x0000,0x0000,0x0000,0x0000,0x0000,0x0000,
  0x0000,0x0000,0x0000,0x0000,0x0000,0x0000,0x0000,0x0000,0x0000,0x0000,0x0000,0x0000,
  0x0000,0x0000,0x0000,0x0000,0x0000,0x0000,0x0000,0x0000,0x0000,0x0000,0x0000,0x0000,
  0x0000,0x0000,0x0000,0x0000,0x0000,0x3186,0x2104,0x0000,0x0000,0x0000,0x0000,0x2945,
  0x9492,0xA514,0x39E7,0x0000,0x0000,0x0000,0x0000,0x0000,0x0000,0x0000,0x0000,0x0000,
  0x0000,0x0000,0x0000,0x0000,0x0000,0x0000,0x0000,0x0000,0x0000,0x0000,0x0000,0x0000,
  0x18C3,0x0000,0x0000,0x0000,0x0000,0x0000,0x0000,0x0000,0x0000,0x0000,0x0000,0x0000,
  0x0000,0x0000,0x0000,0x0000,0x0000,0x0000,0x0000,0x0000,0x0000,0x0000,0x0000,0x0000,
  0x2124,0x2124,0x0000,0x0000,0x0000,0x0000,0x0000,0x0000,0x0000,0x0000,0x0000,0x0000,
  0x0000,0x0000,0x0000,0x0000,0x0000,0x0000,0x0000,0x0000,0x0000,0x0000,0x0000,0x18C3,
};

static const uint16_t PROGMEM wicon_11d[] = {
  0x10A2,0x0000,0x0000,0x0000,0x0000,0x0000,0x0000,0x0000,0x0000,0x0000,0x0000,0x0000,
  0x0000,0x0000,0x0000,0x0000,0x0000,0x0000,0x0000,0x0000,0x0000,0x0000,0x0000,0x0000,
  0x0000,0x0000,0x0000,0x0000,0x0000,0x0000,0x0000,0x0000,0x0000,0x0000,0x0000,0x0000,
  0x0000,0x0000,0x0000,0x0000,0x0000,0x0000,0x0000,0x0000,0x0000,0x0000,0x0000,0x10A2,
  0x0000,0x0000,0x0000,0x0000,0x0000,0x0000,0x0000,0x0000,0x0000,0x0000,0x0000,0x0000,
  0x0000,0x0000,0x0000,0x0000,0x0000,0x0000,0x0000,0x0000,0x0000,0x0000,0x0000,0x0000,
  0x0000,0x0000,0x0000,0x0000,0x0000,0x0000,0x0000,0x0000,0x0000,0x0000,0x0000,0x0000,
  0x0000,0x0000,0x0000,0x0000,0x0000,0x0000,0x0000,0x0000,0x0000,0x0000,0x0000,0x0000,
  0x0000,0x0000,0x0000,0x0000,0x0000,0x0000,0x0000,0x0000,0x0000,0x0000,0x0000,0x0000,
  0x0000,0x0000,0x0000,0x0000,0x0000,0x0000,0x0000,0x0000,0x0000,0x0000,0x0000,0x0000,
  0x0000,0x0000,0x0000,0x0000,0x0000,0x0000,0x0000,0x0000,0x0000,0x0000,0x0000,0x0000,
  0x0000,0x0000,0x0000,0x0000,0x0000,0x0000,0x0000,0x0000,0x0000,0x0000,0x0000,0x0000,
  0x0000,0x0000,0x0000,0x0000,0x0000,0x0000,0x0000,0x0000,0x0000,0x0000,0x0000,0x0000,
  0x0000,0x0000,0x0000,0x0000,0x0000,0x0000,0x0000,0x0000,0x0000,0x0000,0x0000,0x0000,
  0x0000,0x0000,0x0000,0x0000,0x0000,0x0000,0x0000,0x0000,0x0000,0x0000,0x0000,0x0000,
  0x0000,0x0000,0x0000,0x0000,0x0000,0x0000,0x0000,0x0000,0x0000,0x0000,0x0000,0x0000,
  0x0000,0x0000,0x0000,0x0000,0x0000,0x0000,0x0000,0x0000,0x0000,0x0000,0x0000,0x0000,
  0x0000,0x0000,0x0000,0x0000,0x0000,0x0000,0x0000,0x0000,0x0000,0x0000,0x0000,0x0000,
  0x0000,0x2104,0x4A49,0x5ACB,0x52AA,0x4228,0x2104,0x0000,0x0000,0x0000,0x0000,0x0000,
  0x0000,0x0000,0x0000,0x0000,0x0000,0x0000,0x0000,0x0000,0x0000,0x0000,0x0000,0x0000,
  0x0000,0x0000,0x0000,0x0000,0x0000,0x0000,0x0000,0x0000,0x0000,0x0000,0x0000,0x0000,
  0x0000,0x0000,0x0000,0x0000,0x0000,0x0000,0x0000,0x0000,0x0000,0x0000,0x0000,0x0000,
  0x39C7,0x5ACB,0x6B4D,0x6B4D,0x6B4D,0x6B4D,0x5AEB,0x39C7,0x0000,0x0000,0x0000,0x0000,
  0x0000,0x0000,0x0000,0x0000,0x0000,0x0000,0x0000,0x0000,0x0000,0x0000,0x0000,0x0000,
  0x0000,0x0000,0x0000,0x0000,0x0000,0x0000,0x0000,0x0000,0x0000,0x0000,0x0000,0x0000,
  0x0000,0x0000,0x0000,0x0000,0x0000,0x0000,0x0000,0x0000,0x0000,0x0000,0x0000,0x528A,
  0x6B6D,0x6B4D,0x632C,0x632C,0x6B4D,0x632C,0x6B4D,0x6B6D,0x528A,0x0000,0x0000,0x0000,
  0x0000,0x0000,0x0000,0x0000,0x0000,0x0000,0x0000,0x0000,0x0000,0x0000,0x0000,0x0000,
  0x0000,0x0000,0x0000,0x0000,0x0000,0x0000,0x0000,0x0000,0x0000,0x0000,0x0000,0x0000,
  0x0000,0x0000,0x0000,0x0000,0x0000,0x0000,0x0000,0x0000,0x0000,0x0000,0x4A69,0x6B6D,
  0x632C,0x632C,0x6B4D,0x6B4D,0x6B4D,0x6B4D,0x632C,0x632C,0x6B6D,0x4A69,0x0000,0x0000,
  0x0000,0x0000,0x0000,0x0000,0x0000,0x0000,0x0000,0x0000,0x0000,0x0000,0x0000,0x0000,
  0x0000,0x0000,0x0000,0x0000,0x0000,0x0000,0x0000,0x0000,0x0000,0x0000,0x0000,0x0000,
  0x0000,0x0000,0x18E3,0x31A6,0x4208,0x4228,0x39C7,0x2124,0x0000,0x18C3,0x630C,0x6B6D,
  0x632C,0x6B4D,0x6B4D,0x6B4D,0x6B4D,0x6B4D,0x6B4D,0x6B4D,0x6B4D,0x6B4D,0x2965,0x0000,
  0x0000,0x0000,0x0000,0x0000,0x0000,0x0000,0x0000,0x0000,0x0000,0x0000,0x0000,0x0000,
  0x0000,0x0000,0x0000,0x0000,0x0000,0x0000,0x0000,0x0000,0x0000,0x0000,0x0000,0x0000,
  0x18E3,0x7BCF,0xC638,0xF79D,0xFFDF,0xFFDF,0xF7BE,0xD6BA,0x8430,0x6B4D,0x4A49,0x6B4D,
  0x6B4D,0x6B4D,0x632C,0x6B4D,0x6B4D,0x6B4D,0x6B4D,0x6B4D,0x632C,0x6B6D,0x528A,0x0000,
  0x0000,0x0000,0x0000,0x0000,0x0000,0x0000,0x0000,0x0000,0x0000,0x0000,0x0000,0x0000,
  0x0000,0x0000,0x0000,0x0000,0x0000,0x0000,0x0000,0x0000,0x0000,0x0000,0x0000,0x39E7,
  0xCE79,0xFFFF,0xFFFF,0xEF7D,0xF79D,0xEF7D,0xF79E,0xF79E,0xFFFF,0xF7BF,0x94B2,0x4228,
  0x6B4D,0x6B4D,0x632C,0x6B4D,0x6B4D,0x6B4D,0x6B4D,0x6B4D,0x632C,0x6B4D,0x52AA,0x0000,
  0x3186,0x52AA,0x4A69,0x31A6,0x0000,0x0000,0x0000,0x0000,0x0000,0x0000,0x0000,0x0000,
  0x0000,0x0000,0x0000,0x0000,0x0000,0x0000,0x0000,0x0000,0x0000,0x0000,0x4228,0xDEFB,
  0xFFFF,0xEF7D,0xEF7D,0xF79E,0xF79E,0xF79E,0xF79E,0xF79E,0xEF5D,0xF7BE,0xFFFF,0x94B2,
  0x4A49,0x6B6D,0x632C,0x6B4D,0x6B4D,0x6B4D,0x6B4D,0x6B4D,0x6B4D,0x6B4D,0x630C,0x5AEB,
  0x6B4D,0x6B6D,0x6B6D,0x6B6D,0x52AA,0x18C3,0x0000,0x0000,0x0000,0x0000,0x0000,0x0000,
  0x0000,0x0000,0x0000,0x0000,0x0000,0x0000,0x0000,0x0000,0x0000,0x18C3,0xCE59,0xFFDF,
  0xF79E,0xF79D,0xF79E,0xF7BE,0xEF7D,0xF7BE,0xF79E,0xF79E,0xF79E,0xF79E,0xF7BF,0xFFDF,
  0x7BF0,0x52AA,0x6B6D,0x632C,0x6B4D,0x6B4D,0x6B4D,0x6B4D,0x6B4D,0x632C,0x6B4D,0x6B4D,
  0x6B4D,0x632C,0x6B4D,0x630C,0x738E,0x528A,0x0000,0x0000,0x0000,0x0000,0x0000,0x0000,
  0x0000,0x0000,0x0000,0x0000,0x0000,0x0000,0x0000,0x0000,0x0000,0x8410,0xFFFF,0xEF7D,
  0xF79E,0xF79E,0xF79E,0xF79E,0xF79E,0xF79E,0xF79E,0xF79E,0xF7BE,0xF79E,0xEF7D,0xFFFF,
  0xD69A,0x528A,0x6B4D,0x6B6D,0x6B4D,0x6B6D,0x6B4D,0x6B4D,0x6B4D,0x6B4D,0x6B4D,0x6B4D,
  0x6B4D,0x632C,0x6B4D,0x6B4D,0x632C,0x6B4D,0x2124,0x0000,0x0000,0x0000,0x0000,0x0000,
  0x0000,0x0000,0x0000,0x0000,0x0000,0x0000,0x0000,0x0000,0x18E3,0xCE79,0xF7BE,0xF79E,
  0xF79E,0xF79E,0xF79E,0xF79E,0xF79E,0xF79E,0xF79E,0xF79E,0xF79E,0xF79E,0xF79E,0xF7BE,
  0xF79E,0x7BEF,0x528A,0x5ACB,0x52AA,0x52AA,0x528A,0x632C,0x6B4D,0x632C,0x632C,0x6B4D,
  0x632C,0x6B4D,0x6B4D,0x6B4D,0x632C,0x6B4D,0x2104,0x0000,0x0000,0x0000,0x0000,0x0000,
  0x0000,0x0000,0x0000,0x0000,0x0000,0x0000,0x0000,0x0000,0x31A6,0xEF7D,0xF79E,0xF79E,
  0xF79E,0xF79E,0xF79E,0xF79E,0xF79E,0xF79E,0xF79E,0xF79E,0xF79E,0xF79E,0xF79E,0xF79E,
  0xFFFF,0x9CD3,0x4A49,0x9CD3,0xAD55,0xAD55,0x94B2,0x5AEB,0x52AA,0x6B6D,0x6B6D,0x632C,
  0x6B4D,0x6B4D,0x6B4D,0x632C,0x6B4D,0x632C,0x2124,0x0000,0x0000,0x0000,0x0000,0x0000,
  0x0000,0x0000,0x0000,0x0000,0x0000,0x0000,0x0000,0x0000,0x5ACB,0xFFFF,0xF79E,0xF79E,
  0xF79E,0xF79E,0xF79E,0xF79E,0xF79E,0xF79E,0xF79E,0xF79E,0xF79E,0xF79E,0xF79E,0xF79E,
  0xF7BE,0xD69A,0xCE79,0xFFFF,0xFFFF,0xFFFF,0xFFFF,0xD6BA,0x73AE,0x52AA,0x6B4D,0x632C,
  0x6B4D,0x632C,0x6B6D,0x632C,0x6B4D,0x630C,0x630C,0x632C,0x52AA,0x2945,0x0000,0x0000,
  0x0000,0x0000,0x0000,0x0000,0x0000,0x0000,0x0000,0x0000,0x4A49,0xFFFF,0xEF7D,0xF79E,
  0xF79E,0xF79E,0xF79E,0xF79E,0xF79E,0xF79E,0xF79E,0xF79E,0xF79E,0xF79E,0xF79E,0xF79E,
  0xEF7D,0xFFDF,0xFFFF,0xF79E,0xF79E,0xEF7D,0xF79E,0xFFFF,0xEF5D,0x6B6D,0x5ACB,0x6B6D,
  0x6B4D,0x632C,0x6B4D,0x6B4D,0x6B4D,0x6B4D,0x6B6D,0x632C,0x6B4D,0x6B6D,0x39C7,0x0000,
  0x0000,0x0000,0x0000,0x0000,0x0000,0x0000,0x2104,0x2124,0x528A,0xF7BE,0xF79E,0xF79E,
  0xF79E,0xF79E,0xF79E,0xF79E,0xF79E,0xF79E,0xF79E,0xF79E,0xF79E,0xF79E,0xF79E,0xF79E,
  0xF79E,0xF79E,0xF79E,0xEF7D,0xF79E,0xF79E,0xF79E,0xEF7D,0xFFFF,0xBDD7,0x4A69,0x6B4D,
  0x6B4D,0x6B4D,0x6B4D,0x632C,0x6B4D,0x6B4D,0x6B4D,0x632C,0x632C,0x6B4D,0x6B4D,0x3186,
  0x0000,0x0000,0x0000,0x0000,0x632C,0xBDF7,0xDEDB,0xDEDB,0xE71C,0xF79E,0xF79E,0xF79E,
  0xF79E,0xF79E,0xF79E,0xF79E,0xF79E,0xF79E,0xF79E,0xF79E,0xF79E,0xF79E,0xF79E,0xF79E,
  0xF79E,0xF79E,0xF79E,0xF79E,0xF79E,0xF79E,0xF79E,0xF79E,0xFFFF,0xE71C,0x632C,0x630C,
  0x6B6D,0x632C,0x632D,0x6B4D,0x6B4D,0x6B4D,0x630C,0x6B4D,0x6B4D,0x632C,0x6B4D,0x5ACB,
  0x0000,0x0000,0x2945,0xAD55,0xF7BE,0xFFDF,0xFFDF,0xFFDF,0xF7BE,0xF79E,0xF79E,0xF79E,
  0xF79E,0xF79E,0xF79E,0xF79E,0xF79E,0xF79E,0xF79E,0xF79E,0xF79E,0xF79E,0xF79E,0xF79E,
  0xF79E,0xF79E,0xF79E,0xF79E,0xF79E,0xF79E,0xF79E,0xF79E,0xF7BE,0xF79E,0x73AE,0x52AA,
  0x6B6D,0x6B6D,0x6B4D,0x6B4D,0x6B4D,0x632C,0x6B4D,0x632C,0x632C,0x6B4D,0x6B4D,0x630C,
  0x0000,0x2104,0xCE59,0xFFFF,0xF79E,0xEF7D,0xEF7D,0xF79E,0xF79E,0xF79E,0xF79E,0xF79E,
  0xF79E,0xF79E,0xF79E,0xF79E,0xF79E,0xF79E,0xF79E,0xF79E,0xF79E,0xF79E,0xF79E,0xF79E,
  0xF79E,0xF79E,0xF79E,0xF79E,0xF79E,0xF79E,0xF79E,0xF79E,0xFFFF,0xDEDB,0x4A49,0x4A49,
  0x52AA,0x5ACB,0x6B4D,0x6B4D,0x632D,0x6B4D,0x632D,0x6B4D,0x6B4D,0x6B4D,0x6B4D,0x5AEB,
  0x0000,0x9CF3,0xFFFF,0xEF7D,0xF79E,0xF79E,0xF79E,0xF79E,0xF79E,0xF79E,0xF79E,0xF79E,
  0xF79E,0xF79E,0xF79E,0xF79E,0xF79E,0xF79E,0xF79E,0xF79E,0xF79E,0xF79E,0xF79E,0xF79E,
  0xF79E,0xF79E,0xF79E,0xF79E,0xF79E,0xF79E,0xF79E,0xF79E,0xF7BE,0xE71C,0xBDD7,0xCE79,
  0xBDF7,0x73AE,0x528A,0x632C,0x6B4D,0x6B4D,0x6B4D,0x6B4D,0x6B4D,0x632C,0x6B4D,0x52AA,
  0x4A69,0xF79E,0xF79E,0xF79E,0xEF7D,0xF79E,0xF79E,0xF79E,0xF79E,0xF79E,0xF79E,0xF79E,
  0xF79E,0xF79E,0xF79E,0xF79E,0xF79E,0xF79E,0xF79E,0xF79E,0xF79E,0xF79E,0xF79E,0xF79E,
  0xF79E,0xF79E,0xF79E,0xF79E,0xF79E,0xF79E,0xF79E,0xF79E,0xF79E,0xF7BE,0xFFFF,0xFFFF,
  0xFFFF,0xF7BE,0xAD55,0x528A,0x632C,0x6B6D,0x632D,0x6B4D,0x632C,0x6B6D,0x632C,0x2945,
  0x94B3,0xFFDF,0xEF7D,0xF79E,0xF7BE,0xF79E,0xF79E,0xF79E,0xF79E,0xF79E,0xF79E,0xF79E,
  0xF79E,0xF79E,0xF79E,0xF79E,0xF79E,0xF79E,0xF79E,0xF79E,0xF79E,0xF79E,0xF79E,0xF79E,
  0xF79E,0xF79E,0xF79E,0xF79E,0xF79E,0xF79E,0xF79E,0xF79E,0xF79E,0xF79E,0xF79E,0xF79E,
  0xF79E,0xF7BE,0xFFFF,0xAD76,0x528B,0x6B4D,0x6B6E,0x6B4D,0x6B6D,0x632C,0x31A6,0x0000,
  0xCE7A,0xF79E,0xF79E,0xF79E,0xF79E,0xF7BE,0xEFBE,0xF7BD,0xF79E,0xF79E,0xF79E,0xF79E,
  0xF79E,0xF79E,0xF79E,0xF7BE,0xF7BE,0xF7DE,0xF7BE,0xF7BE,0xF79E,0xF7BE,0xF79E,0xF79E,
  0xF79E,0xF79E,0xF79E,0xF79E,0xF79E,0xF79E,0xF79E,0xF79E,0xF79E,0xF79E,0xF79E,0xF79E,
  0xF79E,0xEF7D,0xF7BE,0xFFFF,0x6B6E,0x39C7,0x52AA,0x52AA,0x4228,0x2124,0x0000,0x0000,
  0xDEBB,0xF7BE,0xF7BD,0xF79E,0xF79E,0xEFBE,0xEFBD,0xEF9D,0xF77E,0xF77F,0xF79F,0xF79E,
  0xF7BE,0xF77D,0xFFBE,0xFFDE,0xFFBD,0xFFDD,0xFFDE,0xFF9E,0xF7BE,0xEF9D,0xEF9D,0xF79E,
  0xF79E,0xF79E,0xF79E,0xF79E,0xF79E,0xF79E,0xF79E,0xF79E,0xF79E,0xF79E,0xF79E,0xF79E,
  0xF79E,0xF79E,0xF79E,0xF7BE,0x8C71,0x0000,0x0000,0x0000,0x0000,0x0000,0x0000,0x0000,
  0xD67A,0xF7BE,0xEFBD,0xF77D,0xF77E,0xF7BF,0xEFBE,0xEF9D,0xF79E,0xFF7E,0xF77E,0xF79D,
  0xEF9D,0xFFFF,0xF658,0xDBED,0xE42D,0xEC4D,0xD3AB,0xDD74,0xFFBE,0xF79D,0xF7BE,0xF79E,
  0xF79E,0xF79E,0xF79E,0xF79E,0xF79E,0xF79E,0xF79E,0xF79E,0xF79E,0xF79E,0xF79E,0xF79E,
  0xF79E,0xF79E,0xF79E,0xFFDF,0xBDF7,0x0000,0x0000,0x0000,0x0000,0x0000,0x0000,0x0000,
  0xA4D4,0xFFDE,0xEF9D,0xF7BE,0xF79E,0xF77E,0xF79E,0xF79E,0xF79E,0xF77D,0xF79E,0xF7BD,
  0xF79D,0xFFBD,0xDC4E,0xD245,0xEB07,0xDA65,0xC286,0xF677,0xFFFF,0xF79E,0xF77D,0xF77E,
  0xF7BE,0xEF9E,0xF79E,0xF79E,0xF79E,0xF79E,0xF79E,0xF79E,0xF79E,0xF79E,0xF79E,0xF79E,
  0xF79E,0xF79E,0xF79E,0xF7BE,0xC638,0x0000,0x0000,0x0000,0x0000,0x0000,0x0000,0x0000,
  0x4A49,0xF79D,0xF79D,0xEF9D,0xEF9D,0xF79E,0xF77E,0xF77E,0xF7BE,0xEFBD,0xEFBD,0xEF7D,
  0xFFFE,0xEE15,0xCB28,0xEB89,0xF389,0xCB08,0xED94,0xFFDE,0xEF9E,0xEF7D,0xF79E,0xF79E,
  0xEFBE,0xEFBE,0xF79E,0xF79E,0xF79E,0xF79E,0xF79E,0xF79E,0xF79E,0xF79E,0xF79E,0xF79E,
  0xF79E,0xF79E,0xF79E,0xFFDF,0xAD55,0x0000,0x0000,0x0000,0x0000,0x0000,0x0000,0x0000,
  0x0000,0xA534,0xFFFF,0xEF7D,0xEF7D,0xF79E,0xF79E,0xF77E,0xF79D,0xF7BE,0xEF9D,0xF7BF,
  0xFF9D,0xE44E,0xD2C7,0xF3AA,0xDB07,0xD40D,0xFF7D,0xF79E,0xF79E,0xF79E,0xF79D,0xFFBE,
  0xF79D,0xF79E,0xF79E,0xF79E,0xF79E,0xF79E,0xF79E,0xF79E,0xF79E,0xF79E,0xF79E,0xF79E,
  0xF79E,0xF79E,0xEF7D,0xFFDF,0x5AEB,0x0000,0x0000,0x0000,0x0000,0x0000,0x0000,0x0000,
  0x0000,0x2144,0xCE59,0xFFFF,0xF79E,0xEF7E,0xEF9D,0xF79D,0xF77D,0xF79E,0xEF7D,0xFFFF,
  0xF617,0xD2E8,0xEB49,0xE349,0xDB89,0xFE77,0xFFFF,0xFFDE,0xF77D,0xF77E,0xF79E,0xF79D,
  0xF79D,0xF77D,0xF79E,0xF79E,0xF79E,0xF79E,0xF79E,0xF79E,0xF79E,0xF79E,0xF79E,0xF79E,
  0xEF7D,0xF79E,0xFFFF,0xBDD7,0x0000,0x0000,0x0000,0x0000,0x0000,0x0000,0x0000,0x0000,
  0x0000,0x0000,0x2945,0xBDB7,0xFFBF,0xF7DF,0xFFDE,0xF79D,0xF7BE,0xF79E,0xFFBE,0xFF9D,
  0xD44E,0xDAE7,0xF389,0xE328,0xEC4C,0xFE35,0xEDD5,0xE5F6,0xFF9D,0xF7BF,0xF79F,0xF79D,
  0xF7BD,0xF79D,0xF7BE,0xF7BE,0xF7BE,0xF7BE,0xF7BE,0xF7BE,0xF79E,0xF79E,0xF7BE,0xF79E,
  0xFFDF,0xFFFF,0xC618,0x2124,0x0000,0x0000,0x0000,0x0000,0x0000,0x0000,0x0000,0x0000,
  0x0000,0x0000,0x0000,0x0000,0x736E,0xAD75,0xD6BA,0xE73B,0xE75D,0xE75C,0xF75C,0xEDB4,
  0xCB08,0xE369,0xEB69,0xF389,0xE369,0xDB69,0xC309,0xC4B1,0xF73C,0xE75D,0xE73D,0xEF5C,
  0xEF1C,0xEF3D,0xE75D,0xEF5D,0xEF5D,0xEF5D,0xEF5D,0xEF5D,0xEF5D,0xE73C,0xEF5D,0xE71C,
  0xC638,0x8410,0x18E3,0x0000,0x0000,0x0000,0x0000,0x0000,0x0000,0x0000,0x0000,0x0000,
  0x0000,0x0000,0x0000,0x0000,0x0000,0x0000,0x2945,0x41E7,0x39E7,0x3A07,0x51E6,0xB2E8,
  0xE369,0xE3CA,0xEB89,0xEB49,0xEB69,0xDB6A,0xA267,0x59E7,0x41E7,0x39E7,0x39E7,0x41E7,
  0x41C8,0x39C7,0x39C7,0x39C7,0x39C7,0x39C7,0x39C7,0x39C7,0x39E7,0x39E7,0x39E7,0x39C7,
  0x18C3,0x0000,0x0000,0x0000,0x0000,0x0000,0x0000,0x0000,0x0000,0x0000,0x0000,0x0000,
  0x0000,0x0000,0x0000,0x0000,0x0000,0x0000,0x0000,0x0000,0x0000,0x0000,0x0000,0xAB09,
  0xC349,0xC329,0xE36A,0xEB4A,0xF3CA,0xB307,0x0000,0x0000,0x0000,0x0000,0x0000,0x0000,
  0x0000,0x0000,0x0000,0x0000,0x0000,0x0000,0x0000,0x0000,0x0000,0x0000,0x0000,0x0000,
  0x0000,0x0000,0x0000,0x0000,0x0000,0x0000,0x0000,0x0000,0x0000,0x0000,0x0000,0x0000,
  0x0000,0x0000,0x0000,0x0000,0x0000,0x0000,0x0000,0x0000,0x0000,0x0000,0x0000,0x3881,
  0x0000,0x8983,0xEB8B,0xEB6B,0xC349,0x38A0,0x0000,0x0000,0x0000,0x0000,0x0000,0x0000,
  0x0000,0x0000,0x0000,0x0000,0x0000,0x0000,0x0000,0x0000,0x0000,0x0000,0x0000,0x0000,
  0x0000,0x0000,0x0000,0x0000,0x0000,0x0000,0x0000,0x0000,0x0000,0x0000,0x0000,0x0000,
  0x0000,0x0000,0x0000,0x0000,0x0000,0x0000,0x0000,0x0000,0x0000,0x0000,0x0000,0x0000,
  0x0000,0xAAA6,0xEBAB,0xD36B,0x4903,0x0000,0x0000,0x0000,0x0000,0x0000,0x0000,0x0000,
  0x0000,0x0000,0x0000,0x0000,0x0000,0x0000,0x0000,0x0000,0x0000,0x0000,0x0000,0x0000,
  0x0000,0x0000,0x0000,0x0000,0x0000,0x0000,0x0000,0x0000,0x0000,0x0000,0x0000,0x0000,
  0x0000,0x0000,0x0000,0x0000,0x0000,0x0000,0x0000,0x0000,0x0000,0x0000,0x0000,0x0000,
  0x5964,0xDBCB,0xDBCB,0x7164,0x0000,0x0000,0x0000,0x0000,0x0000,0x0000,0x0000,0x0000,
  0x0000,0x0000,0x0000,0x0000,0x0000,0x0000,0x0000,0x0000,0x0000,0x0000,0x0000,0x0000,
  0x0000,0x0000,0x0000,0x0000,0x0000,0x0000,0x0000,0x0000,0x0000,0x0000,0x0000,0x0000,
  0x0000,0x0000,0x0000,0x0000,0x0000,0x0000,0x0000,0x0000,0x0000,0x0000,0x0000,0x0000,
  0x92A8,0xE40C,0x81E5,0x0000,0x0000,0x0000,0x0000,0x0000,0x0000,0x0000,0x0000,0x0000,
  0x0000,0x0000,0x0000,0x0000,0x0000,0x0000,0x0000,0x0000,0x0000,0x0000,0x0000,0x0000,
  0x0000,0x0000,0x0000,0x0000,0x0000,0x0000,0x0000,0x0000,0x0000,0x0000,0x0000,0x0000,
  0x0000,0x0000,0x0000,0x0000,0x0000,0x0000,0x0000,0x0000,0x0000,0x0000,0x0000,0x48A1,
  0xCBED,0x9287,0x0000,0x0000,0x0000,0x0000,0x0000,0x0000,0x0000,0x0000,0x0000,0x0000,
  0x0000,0x0000,0x0000,0x0000,0x0000,0x0000,0x0000,0x0000,0x0000,0x0000,0x0000,0x0000,
  0x0000,0x0000,0x0000,0x0000,0x0000,0x0000,0x0000,0x0000,0x0000,0x0000,0x0000,0x0000,
  0x0000,0x0000,0x0000,0x0000,0x0000,0x0000,0x0000,0x0000,0x0000,0x0000,0x0000,0x9288,
  0xAB2A,0x0000,0x0000,0x0000,0x0000,0x0000,0x0000,0x0000,0x0000,0x0000,0x0000,0x0000,
  0x0000,0x0000,0x0000,0x0000,0x0000,0x0000,0x0000,0x0000,0x0000,0x0000,0x0000,0x0000,
  0x0000,0x0000,0x0000,0x0000,0x0000,0x0000,0x0000,0x0000,0x0000,0x0000,0x0000,0x0000,
  0x0000,0x0000,0x0000,0x0000,0x0000,0x0000,0x0000,0x0000,0x0000,0x0000,0x4144,0xB3AC,
  0x4881,0x0000,0x0000,0x0000,0x0000,0x0000,0x0000,0x0000,0x0000,0x0000,0x0000,0x0000,
  0x0000,0x0000,0x0000,0x0000,0x0000,0x0000,0x0000,0x0000,0x0000,0x0000,0x0000,0x0000,
  0x0000,0x0000,0x0000,0x0000,0x0000,0x0000,0x0000,0x0000,0x0000,0x0000,0x0000,0x0000,
  0x0000,0x0000,0x0000,0x0000,0x0000,0x0000,0x0000,0x0000,0x0000,0x0000,0x51E7,0x7248,
  0x0000,0x0000,0x0000,0x0000,0x0000,0x0000,0x0000,0x0000,0x0000,0x0000,0x0000,0x0000,
  0x0000,0x0000,0x0000,0x0000,0x0000,0x0000,0x0000,0x0000,0x0000,0x0000,0x0000,0x0000,
  0x0000,0x0000,0x0000,0x0000,0x0000,0x0000,0x0000,0x0000,0x0000,0x0000,0x0000,0x0000,
  0x0000,0x0000,0x0000,0x0000,0x0000,0x0000,0x0000,0x0000,0x0000,0x0000,0x0000,0x0000,
  0x0000,0x0000,0x0000,0x0000,0x0000,0x0000,0x0000,0x0000,0x0000,0x0000,0x0000,0x0000,
  0x0000,0x0000,0x0000,0x0000,0x0000,0x0000,0x0000,0x0000,0x0000,0x0000,0x0000,0x0000,
  0x0000,0x0000,0x0000,0x0000,0x0000,0x0000,0x0000,0x0000,0x0000,0x0000,0x0000,0x0000,
  0x0000,0x0000,0x0000,0x0000,0x0000,0x0000,0x0000,0x0000,0x0000,0x0000,0x0000,0x0000,
  0x0000,0x0000,0x0000,0x0000,0x0000,0x0000,0x0000,0x0000,0x0000,0x0000,0x0000,0x0000,
  0x0000,0x0000,0x0000,0x0000,0x0000,0x0000,0x0000,0x0000,0x0000,0x0000,0x0000,0x0000,
  0x0000,0x0000,0x0000,0x0000,0x0000,0x0000,0x0000,0x0000,0x0000,0x0000,0x0000,0x0000,
  0x0000,0x0000,0x0000,0x0000,0x0000,0x0000,0x0000,0x0000,0x0000,0x0000,0x0000,0x0000,
  0x0000,0x0000,0x0000,0x0000,0x0000,0x0000,0x0000,0x0000,0x0000,0x0000,0x0000,0x0000,
  0x0000,0x0000,0x0000,0x0000,0x0000,0x0000,0x0000,0x0000,0x0000,0x0000,0x0000,0x0000,
  0x0000,0x0000,0x0000,0x0000,0x0000,0x0000,0x0000,0x0000,0x0000,0x0000,0x0000,0x0000,
  0x1883,0x0000,0x0000,0x0000,0x0000,0x0000,0x0000,0x0000,0x0000,0x0000,0x0000,0x0000,
  0x0000,0x0000,0x0000,0x0000,0x0000,0x0000,0x0000,0x0000,0x0000,0x0000,0x0000,0x0000,
  0x0000,0x0000,0x0000,0x0000,0x0000,0x0000,0x0000,0x0000,0x0000,0x0000,0x0000,0x0000,
  0x0000,0x0000,0x0000,0x0000,0x0000,0x0000,0x0000,0x0000,0x0000,0x0000,0x0000,0x10A2,
};

static const uint16_t PROGMEM wicon_13d[] = {
  0x2104,0x0000,0x10A2,0x18C3,0x10A2,0x10A2,0x18C3,0x10A2,0x10A2,0x10A2,0x10A2,0x10A2,
  0x0000,0x10A2,0x10A2,0x10A2,0x18C3,0x10A2,0x10A2,0x18C3,0x10A2,0x18E3,0x94B2,0xF79E,
  0x9CD3,0x2124,0x10A2,0x10A2,0x10A2,0x10A2,0x10A2,0x18C3,0x10A2,0x10A2,0x10A2,0x10A2,
  0x10A2,0x10A2,0x10A2,0x10A2,0x10A2,0x10A2,0x10A2,0x10A2,0x10A2,0x10A2,0x0000,0x2104,
  0x0000,0x0000,0x0000,0x0000,0x0000,0x0000,0x0000,0x0000,0x0000,0x0000,0x0000,0x0000,
  0x0000,0x0000,0x0000,0x0000,0x0000,0x0000,0x0000,0x0000,0x0000,0x4A49,0xD6BA,0xF7BE,
  0xDEFB,0x5ACB,0x0000,0x0000,0x0000,0x0000,0x0000,0x0000,0x0000,0x0000,0x0000,0x0000,
  0x0000,0x0000,0x0000,0x0000,0x0000,0x0000,0x0000,0x0000,0x0000,0x0000,0x0000,0x0000,
  0x18C3,0x0000,0x0000,0x0000,0x0000,0x0000,0x0000,0x0000,0x0000,0x0000,0x0000,0x0000,
  0x0000,0x0000,0x0000,0x0000,0x0000,0x0000,0x0000,0x0000,0x0000,0x8410,0xEF5D,0xEF5D,
  0xF7BE,0x94B2,0x0000,0x0000,0x0000,0x0000,0x0000,0x0000,0x0000,0x0000,0x0000,0x0000,
  0x0000,0x0000,0x0000,0x0000,0x0000,0x0000,0x0000,0x0000,0x0000,0x0000,0x0000,0x18C3,
  0x10A2,0x0000,0x0000,0x0000,0x0000,0x0000,0x0000,0x0000,0x0000,0x0000,0x0000,0x0000,
  0x0000,0x0000,0x0000,0x632C,0x94B2,0x632C,0x0000,0x0000,0x0000,0x7BCF,0xEF5D,0xEF7D,
  0xF79E,0x8C71,0x0000,0x0000,0x0000,0x5AEB,0x9CD3,0x632C,0x10A2,0x0000,0x0000,0x0000,
  0x0000,0x0000,0x0000,0x0000,0x0000,0x0000,0x0000,0x0000,0x0000,0x0000,0x0000,0x10A2,
  0x10A2,0x0000,0x0000,0x0000,0x0000,0x0000,0x0000,0x0000,0x0000,0x0000,0x0000,0x0000,
  0x0000,0x0000,0x4A69,0xDEFB,0xF7BE,0xEF5D,0x8430,0x0000,0x0000,0x738E,0xE71C,0xEF7D,
  0xF79E,0x8430,0x0000,0x0000,0x7BCF,0xEF5D,0xF79E,0xEF5D,0x6B4D,0x0000,0x0000,0x0000,
  0x0000,0x0000,0x0000,0x0000,0x0000,0x0000,0x0000,0x0000,0x0000,0x0000,0x0000,0x10A2,
  0x10A2,0x0000,0x0000,0x0000,0x0000,0x0000,0x0000,0x0000,0x0000,0x0000,0x0000,0x0000,
  0x0000,0x0000,0x6B4D,0xEF5D,0xEF7D,0xEF7D,0xEF5D,0x6B6D,0x0000,0x528A,0xDEDB,0xEF7D,
  0xEF5D,0x6B6D,0x0000,0x5AEB,0xE71C,0xF7BE,0xEF5D,0xF7BE,0x8410,0x0000,0x0000,0x0000,
  0x0000,0x0000,0x0000,0x0000,0x0000,0x0000,0x0000,0x0000,0x0000,0x0000,0x0000,0x10A2,
  0x10A2,0x0000,0x0000,0x0000,0x0000,0x0000,0x0000,0x0000,0x0000,0x2124,0x4A69,0x2945,
  0x0000,0x0000,0x2965,0xC618,0xF7BE,0xEF7D,0xF79E,0xD6BA,0x6B4D,0x632C,0xD69A,0xF7BE,
  0xDEDB,0x7BEF,0x738E,0xDEDB,0xF79E,0xE73C,0xF7BE,0xCE59,0x39E7,0x0000,0x0000,0x2945,
  0x528A,0x2945,0x0000,0x0000,0x0000,0x0000,0x0000,0x0000,0x0000,0x0000,0x0000,0x10A2,
  0x10A2,0x0000,0x0000,0x0000,0x0000,0x0000,0x0000,0x0000,0x2965,0xAD75,0xEF7D,0xBDF7,
  0x4228,0x0000,0x0000,0x39E7,0xC618,0xF79E,0xEF5D,0xEF7D,0xE71C,0xD6BA,0xE73C,0xEF7D,
  0xE73C,0xD6BA,0xDEFB,0xEF7D,0xEF5D,0xF7BE,0xCE79,0x4228,0x0000,0x0000,0x3186,0xB5B6,
  0xEF5D,0xC618,0x39C7,0x0000,0x0000,0x0000,0x0000,0x0000,0x0000,0x0000,0x0000,0x10A2,
  0x10A2,0x0000,0x0000,0x0000,0x0000,0x0000,0x0000,0x0000,0x632C,0xEF5D,0xEF7D,0xF7BE,
  0x8C71,0x0000,0x0000,0x0000,0x4208,0xC638,0xF79E,0xEF7D,0xF79E,0xEF7D,0xEF7D,0xF79E,
  0xEF7D,0xF79E,0xF79E,0xEF5D,0xF79E,0xD69A,0x4228,0x0000,0x0000,0x0000,0x8430,0xF79E,
  0xEF7D,0xF7BE,0x738E,0x0000,0x0000,0x0000,0x0000,0x0000,0x0000,0x0000,0x0000,0x10A2,
  0x10A2,0x0000,0x0000,0x0000,0x0000,0x0000,0x0000,0x0000,0x528A,0xD69A,0xF79E,0xF79E,
  0xB596,0x0000,0x0000,0x0000,0x0000,0x39E7,0xC618,0xF79E,0xEF5D,0xEF7D,0xEF5D,0xEF7D,
  0xEF5D,0xEF7D,0xEF5D,0xF79E,0xCE59,0x4A49,0x0000,0x0000,0x0000,0x0000,0xB596,0xF7BE,
  0xEF5D,0xE73C,0x5AEB,0x0000,0x0000,0x0000,0x0000,0x0000,0x0000,0x0000,0x0000,0x0000,
  0x10A2,0x0000,0x0000,0x0000,0x2945,0x0000,0x0000,0x0000,0x3186,0xBDD7,0xF7BE,0xEF7D,
  0xC638,0x2945,0x0000,0x0000,0x0000,0x0000,0x31A6,0xBDF7,0xF7BE,0xEF7D,0xEF7D,0xEF7D,
  0xF79E,0xEF5D,0xF7BE,0xCE79,0x4208,0x0000,0x0000,0x0000,0x0000,0x18E3,0xCE59,0xF79E,
  0xF79E,0xC618,0x31A6,0x0000,0x0000,0x0000,0x2945,0x10A2,0x0000,0x0000,0x0000,0x10A2,
  0x10A2,0x0000,0x18C3,0x8430,0xC618,0x738E,0x18E3,0x0000,0x0000,0x9CD3,0xFFDF,0xEF5D,
  0xE71C,0x5AEB,0x0000,0x0000,0x0000,0x0000,0x0000,0x31A6,0xBDF7,0xF79E,0xEF7D,0xEF7D,
  0xEF5D,0xF7BE,0xC638,0x4208,0x0000,0x0000,0x0000,0x0000,0x0000,0x4228,0xD6BA,0xF79E,
  0xEF7D,0x9492,0x0000,0x0000,0x18E3,0x6B6D,0xC618,0x94B2,0x2104,0x0000,0x0000,0x18C3,
  0x10A2,0x0000,0x7BCF,0xEF7D,0xEF7D,0xF79E,0xB5B6,0x39C7,0x0000,0x632C,0xEF5D,0xEF7D,
  0xEF7D,0x9CD3,0x0000,0x0000,0x0000,0x0000,0x0000,0x0000,0x31A6,0xC638,0xEF7D,0xEF5D,
  0xF79E,0xCE79,0x4208,0x0000,0x0000,0x0000,0x0000,0x0000,0x0000,0x7BCF,0xE73C,0xF79E,
  0xEF5D,0x6B6D,0x0000,0x31A6,0xAD75,0xF79E,0xEF7D,0xF79E,0x7BEF,0x18E3,0x0000,0x0000,
  0x10A2,0x0000,0x9492,0xF7BE,0xEF5D,0xEF5D,0xF7BE,0xDEDB,0x7BCF,0x6B6D,0xC638,0xEF7D,
  0xF7BE,0xCE79,0x2124,0x0000,0x0000,0x0000,0x0000,0x0000,0x0000,0x7BCF,0xEF5D,0xEF7D,
  0xEF7D,0x8C51,0x0000,0x0000,0x0000,0x0000,0x0000,0x0000,0x2104,0xB5B6,0xF7BE,0xEF5D,
  0xDEFB,0x8410,0x8410,0xDEDB,0xF7BE,0xEF7D,0xEF7D,0xF7BE,0x9492,0x2965,0x0000,0x0000,
  0x18C3,0x0000,0x31A6,0xB5B6,0xFFDF,0xEF7D,0xEF5D,0xEF7D,0xEF7D,0xD6BA,0xDEFB,0xEF5D,
  0xF79E,0xDEFB,0x528A,0x0000,0x0000,0x0000,0x0000,0x0000,0x0000,0x6B4D,0xDEFB,0xEF7D,
  0xEF7D,0x8410,0x0000,0x0000,0x0000,0x0000,0x0000,0x0000,0x4208,0xE71C,0xEF7D,0xEF7D,
  0xE73C,0xDEDB,0xEF7D,0xF79E,0xEF5D,0xF79E,0xF7BE,0xC638,0x39E7,0x0000,0x0000,0x10A2,
  0x10A2,0x0000,0x0000,0x2124,0x7BEF,0xDEDB,0xF7BE,0xEF5D,0xEF5D,0xF79E,0xEF7D,0xEF7D,
  0xEF7D,0xE73C,0x73AE,0x0000,0x0000,0x0000,0x0000,0x0000,0x0000,0x6B6D,0xE73C,0xEF7D,
  0xEF7D,0x7BEF,0x0000,0x0000,0x0000,0x0000,0x0000,0x0000,0x6B4D,0xEF5D,0xEF7D,0xEF7D,
  0xEF7D,0xF79E,0xEF5D,0xEF5D,0xF7BE,0xDEFB,0x8C51,0x2945,0x0000,0x0000,0x0000,0x10A2,
  0x10A2,0x0000,0x0000,0x0000,0x0000,0x2945,0x6B6D,0xE71C,0xF79E,0xEF5D,0xEF5D,0xEF7D,
  0xEF5D,0xF79E,0xBDD7,0x18E3,0x0000,0x0000,0x0000,0x0000,0x0000,0x8410,0xEF7D,0xEF5D,
  0xF79E,0x9CD3,0x0000,0x0000,0x0000,0x0000,0x0000,0x18E3,0xAD75,0xF7BE,0xEF7D,0xEF7D,
  0xEF7D,0xEF7D,0xEF7D,0xDEDB,0x7BCF,0x2965,0x0000,0x0000,0x0000,0x0000,0x0000,0x10A2,
  0x10A2,0x0000,0x0000,0x0000,0x0000,0x0000,0x39C7,0xCE79,0xEF7D,0xEF7D,0xEF7D,0xEF5D,
  0xEF7D,0xEF7D,0xEF5D,0x9CF3,0x39E7,0x0000,0x0000,0x18C3,0x6B6D,0xD69A,0xF79E,0xEF5D,
  0xEF7D,0xDEDB,0x73AE,0x2124,0x0000,0x0000,0x39C7,0x94B2,0xEF5D,0xEF7D,0xEF5D,0xEF7D,
  0xEF7D,0xEF5D,0xF79E,0xC638,0x4228,0x0000,0x0000,0x0000,0x0000,0x0000,0x0000,0x18C3,
  0x10A2,0x0000,0x2104,0x52AA,0x8410,0xA534,0xB5B6,0xD6BA,0xEF7D,0xEF7D,0xEF5D,0xF79E,
  0xEF7D,0xEF7D,0xEF7D,0xF7BE,0xDEFB,0x7BCF,0x4A69,0xAD55,0xF79E,0xF79E,0xEF7D,0xEF7D,
  0xEF7D,0xEF7D,0xF7BE,0xB5B6,0x528A,0x6B4D,0xD6BA,0xFFDF,0xEF7D,0xEF5D,0xEF7D,0xEF7D,
  0xEF7D,0xEF7D,0xEF7D,0xDEFB,0xB596,0xA534,0x8C51,0x5ACB,0x2104,0x0000,0x0000,0x10A2,
  0x2104,0x4A49,0xB596,0xEF5D,0xEF5D,0xF79E,0xEF7D,0xEF5D,0xF79E,0xF79E,0xF7BE,0xEF5D,
  0xE71C,0xF79E,0xF79E,0xEF5D,0xEF7D,0xEF7D,0xE71C,0xEF7D,0xEF7D,0xEF7D,0xF79E,0xF79E,
  0xF79E,0xEF7D,0xEF7D,0xEF7D,0xE71C,0xEF5D,0xEF7D,0xEF5D,0xF79E,0xF79E,0xE71C,0xEF7D,
  0xF79E,0xF79E,0xF79E,0xEF7D,0xEF7D,0xF79E,0xEF5D,0xEF5D,0xB5B6,0x6B4D,0x0000,0x0000,
  0x3186,0xC618,0xF79E,0xEF7D,0xEF5D,0xEF7D,0xF79E,0xEF5D,0xDEFB,0xDEDB,0xD69A,0x94B2,
  0x5AEB,0x8C71,0xDEDB,0xF79E,0xEF5D,0xEF7D,0xF79E,0xEF7D,0xEF7D,0xEF5D,0xAD75,0x8410,
  0xA534,0xEF5D,0xEF7D,0xEF7D,0xF79E,0xF79E,0xEF7D,0xEF7D,0xE71C,0x9CD3,0x5AEB,0x9492,
  0xD69A,0xDEFB,0xE71C,0xEF7D,0xF79E,0xEF5D,0xEF7D,0xEF5D,0xFFDF,0xD6BA,0x2124,0x0000,
  0x2945,0xA514,0xDEFB,0xF7BE,0xF79E,0xE71C,0xCE79,0x9492,0x52AA,0x31A6,0x2104,0x0000,
  0x0000,0x0000,0x31A6,0xAD55,0xEF7D,0xEF7D,0xEF5D,0xEF7D,0xDEFB,0x738E,0x18C3,0x0000,
  0x18C3,0x6B4D,0xD6BA,0xEF7D,0xEF7D,0xEF5D,0xF79E,0xB5B6,0x39E7,0x0000,0x0000,0x0000,
  0x2104,0x31A6,0x528A,0x8C51,0xCE59,0xE71C,0xEF7D,0xF79E,0xEF5D,0xBDF7,0x2104,0x0000,
  0x18C3,0x18C3,0x632C,0xB596,0x9492,0x528A,0x2945,0x0000,0x0000,0x0000,0x0000,0x0000,
  0x0000,0x0000,0x0000,0x2104,0xAD75,0xF79E,0xEF5D,0xE73C,0x8410,0x0000,0x0000,0x0000,
  0x0000,0x0000,0x6B6D,0xE73C,0xEF7D,0xF79E,0xB5B6,0x31A6,0x0000,0x0000,0x0000,0x0000,
  0x0000,0x0000,0x0000,0x0000,0x2124,0x4A49,0x8C51,0xBDD7,0x738E,0x31A6,0x0000,0x0000,
  0x10A2,0x0000,0x0000,0x18E3,0x0000,0x0000,0x0000,0x0000,0x0000,0x0000,0x0000,0x0000,
  0x0000,0x0000,0x0000,0x0000,0x8410,0xF7BE,0xEF7D,0xDEDB,0x528A,0x0000,0x0000,0x0000,
  0x0000,0x0000,0x39E7,0xDEFB,0xEF7D,0xF79E,0x8C71,0x0000,0x0000,0x0000,0x0000,0x0000,
  0x0000,0x0000,0x0000,0x0000,0x0000,0x0000,0x0000,0x18E3,0x0000,0x0000,0x0000,0x0000,
  0x10A2,0x0000,0x0000,0x0000,0x0000,0x0000,0x0000,0x0000,0x0000,0x0000,0x0000,0x0000,
  0x0000,0x0000,0x0000,0x0000,0x7BCF,0xF7BE,0xEF7D,0xDEDB,0x52AA,0x0000,0x0000,0x0000,
  0x0000,0x0000,0x39C7,0xDEFB,0xF79E,0xEF7D,0x8C51,0x0000,0x0000,0x0000,0x0000,0x0000,
  0x0000,0x0000,0x0000,0x0000,0x0000,0x0000,0x0000,0x0000,0x0000,0x0000,0x0000,0x0000,
  0x10A2,0x0000,0x4208,0x7BEF,0x630C,0x2965,0x0000,0x0000,0x0000,0x0000,0x0000,0x0000,
  0x0000,0x0000,0x0000,0x0000,0x94B2,0xF7BE,0xEF7D,0xE73C,0x738E,0x0000,0x0000,0x0000,
  0x0000,0x0000,0x5ACB,0xE71C,0xF79E,0xF79E,0xAD75,0x2104,0x0000,0x0000,0x0000,0x0000,
  0x0000,0x0000,0x0000,0x0000,0x0000,0x2945,0x5AEB,0x7BCF,0x4228,0x18C3,0x0000,0x10A2,
  0x2124,0x738E,0xCE59,0xF79E,0xE73C,0xD69A,0x94B2,0x52AA,0x3186,0x2124,0x0000,0x0000,
  0x0000,0x0000,0x2104,0x8410,0xDEFB,0xF79E,0xEF7D,0xF79E,0xC638,0x4A69,0x0000,0x0000,
  0x0000,0x4228,0xBDF7,0xEF7D,0xEF5D,0xEF7D,0xEF5D,0x8C71,0x2124,0x0000,0x0000,0x0000,
  0x0000,0x2124,0x31A6,0x528A,0x8C71,0xCE79,0xE73C,0xEF7D,0xDEDB,0xA514,0x18E3,0x0000,
  0x3186,0xC638,0xF79E,0xF79E,0xEF7D,0xEF7D,0xEF5D,0xE71C,0xDEFB,0xD69A,0xB596,0x5ACB,
  0x2945,0x632C,0xC638,0xEF7D,0xEF7D,0xEF5D,0xEF7D,0xEF5D,0xEF7D,0xDEFB,0x9492,0x4A69,
  0x8C71,0xE71C,0xEF7D,0xEF7D,0xEF7D,0xEF7D,0xEF7D,0xEF5D,0xD69A,0x73AE,0x2945,0x528A,
  0xA534,0xD6BA,0xDEDB,0xDEFB,0xEF7D,0xEF7D,0xEF7D,0xEF5D,0xFFDF,0xDEDB,0x2945,0x0000,
  0x2124,0x73AE,0xCE59,0xEF7D,0xEF7D,0xF79E,0xEF7D,0xEF7D,0xF79E,0xF79E,0xF7BE,0xDEDB,
  0xCE59,0xE71C,0xF7BE,0xEF7D,0xEF5D,0xEF7D,0xEF7D,0xF79E,0xEF5D,0xF79E,0xEF7D,0xDEFB,
  0xEF5D,0xF79E,0xEF5D,0xF79E,0xEF5D,0xEF5D,0xEF7D,0xEF5D,0xF7BE,0xEF5D,0xC638,0xDEDB,
  0xF79E,0xF79E,0xF79E,0xF79E,0xF7BE,0xF79E,0xF79E,0xE73C,0xD6BA,0x9CF3,0x18C3,0x0000,
  0x10A2,0x0000,0x31A6,0x8410,0xBDF7,0xD6BA,0xD6BA,0xDEFB,0xEF5D,0xEF5D,0xEF7D,0xF79E,
  0xF79E,0xEF7D,0xEF7D,0xEF7D,0xEF7D,0xA514,0x7BEF,0xCE59,0xF7BE,0xEF7D,0xEF7D,0xF79E,
  0xEF5D,0xEF7D,0xF7BE,0xD69A,0x7BEF,0x94B2,0xE73C,0xF79E,0xEF5D,0xEF7D,0xF79E,0xF79E,
  0xEF5D,0xEF5D,0xEF7D,0xDEFB,0xD69A,0xD6BA,0xBDF7,0x8C51,0x39C7,0x18C3,0x0000,0x10A2,
  0x10A2,0x0000,0x0000,0x0000,0x2124,0x2124,0x39E7,0xBDD7,0xF79E,0xEF7D,0xEF7D,0xEF5D,
  0xEF5D,0xEF5D,0xF79E,0xBDF7,0x5AEB,0x10A2,0x0000,0x2965,0x8410,0xE71C,0xEF7D,0xEF7D,
  0xEF7D,0xE71C,0x8C71,0x31A6,0x0000,0x0000,0x528A,0xB5B6,0xF79E,0xEF5D,0xEF5D,0xEF5D,
  0xEF7D,0xEF7D,0xF79E,0xC618,0x4228,0x2945,0x2945,0x0000,0x0000,0x0000,0x0000,0x0000,
  0x18C3,0x0000,0x0000,0x0000,0x0000,0x0000,0x528A,0xD69A,0xEF7D,0xEF7D,0xEF5D,0xEF7D,
  0xEF7D,0xF79E,0xCE59,0x39E7,0x0000,0x0000,0x0000,0x0000,0x0000,0x9CD3,0xF79E,0xEF5D,
  0xF79E,0xA514,0x0000,0x0000,0x0000,0x0000,0x0000,0x31A6,0xC638,0xF79E,0xEF7D,0xEF5D,
  0xEF7D,0xEF7D,0xEF7D,0xD69A,0x630C,0x0000,0x0000,0x0000,0x0000,0x0000,0x0000,0x10A2,
  0x18C3,0x0000,0x0000,0x0000,0x52AA,0xAD55,0xEF5D,0xEF7D,0xEF5D,0xEF7D,0xEF7D,0xF79E,
  0xEF7D,0xEF5D,0x8410,0x0000,0x0000,0x0000,0x0000,0x0000,0x0000,0x632C,0xE71C,0xEF7D,
  0xEF7D,0x8410,0x0000,0x0000,0x0000,0x0000,0x0000,0x0000,0x73AE,0xEF5D,0xEF7D,0xEF7D,
  0xEF7D,0xEF7D,0xEF5D,0xEF5D,0xEF7D,0xB596,0x5ACB,0x0000,0x0000,0x0000,0x0000,0x10A2,
  0x10A2,0x0000,0x18C3,0x9CD3,0xF7BE,0xF7BE,0xF79E,0xEF7D,0xF79E,0xE71C,0xE73C,0xEF5D,
  0xF79E,0xDEDB,0x5ACB,0x0000,0x0000,0x0000,0x0000,0x0000,0x0000,0x6B4D,0xDEFB,0xEF7D,
  0xEF7D,0x8410,0x0000,0x0000,0x0000,0x0000,0x0000,0x0000,0x4A49,0xE71C,0xEF7D,0xEF5D,
  0xE73C,0xE73C,0xF79E,0xF79E,0xEF5D,0xF7BE,0xF79E,0x9CF3,0x2124,0x0000,0x0000,0x10A2,
  0x10A2,0x0000,0x8410,0xF7BE,0xEF5D,0xEF5D,0xF79E,0xE73C,0xA514,0x8C71,0xCE59,0xEF7D,
  0xF7BE,0xD69A,0x2965,0x0000,0x0000,0x0000,0x0000,0x0000,0x0000,0x6B6D,0xEF5D,0xEF7D,
  0xF79E,0x8410,0x0000,0x0000,0x0000,0x0000,0x0000,0x0000,0x2124,0xC638,0xF7BE,0xEF7D,
  0xDEDB,0x9CF3,0xAD55,0xE73C,0xF79E,0xEF5D,0xEF5D,0xF79E,0x8C51,0x2965,0x0000,0x0000,
  0x18C3,0x0000,0x9492,0xF7BE,0xEF7D,0xF79E,0xDEDB,0x632C,0x0000,0x52AA,0xDEFB,0xEF5D,
  0xF79E,0xAD55,0x0000,0x0000,0x0000,0x0000,0x0000,0x0000,0x18E3,0xB5B6,0xF79E,0xEF5D,
  0xF79E,0xBDD7,0x2104,0x0000,0x0000,0x0000,0x0000,0x0000,0x0000,0x8C71,0xEF5D,0xEF7D,
  0xEF5D,0x6B6D,0x0000,0x52AA,0xD69A,0xF7BE,0xEF7D,0xF79E,0x9492,0x2965,0x0000,0x0000,
  0x10A2,0x0000,0x2965,0xBDD7,0xEF5D,0x9CF3,0x31A6,0x0000,0x0000,0x8C51,0xF79E,0xEF7D,
  0xE73C,0x6B4D,0x0000,0x0000,0x0000,0x0000,0x0000,0x18C3,0xA514,0xF7BE,0xEF7D,0xEF7D,
  0xEF7D,0xF79E,0xAD55,0x2945,0x0000,0x0000,0x0000,0x0000,0x0000,0x4A69,0xDEDB,0xEF7D,
  0xF79E,0x8430,0x0000,0x0000,0x2965,0x9CD3,0xEF5D,0xBDF7,0x31A6,0x0000,0x0000,0x10A2,
  0x10A2,0x0000,0x0000,0x2965,0x52AA,0x18C3,0x0000,0x0000,0x2945,0xBDD7,0xF79E,0xEF7D,
  0xCE79,0x3186,0x0000,0x0000,0x0000,0x0000,0x18E3,0xA514,0xFFDF,0xEF5D,0xEF7D,0xEF7D,
  0xEF7D,0xEF5D,0xF79E,0xAD55,0x2104,0x0000,0x0000,0x0000,0x0000,0x2104,0xCE59,0xF7BE,
  0xEF7D,0xBDD7,0x2965,0x0000,0x0000,0x10A2,0x5ACB,0x2965,0x0000,0x0000,0x0000,0x10A2,
  0x10A2,0x0000,0x0000,0x0000,0x0000,0x0000,0x0000,0x0000,0x4228,0xCE59,0xF7BE,0xF79E,
  0xB596,0x0000,0x0000,0x0000,0x0000,0x2104,0xAD55,0xF7BE,0xEF7D,0xEF7D,0xEF7D,0xEF7D,
  0xEF5D,0xEF7D,0xEF7D,0xF7BE,0xAD75,0x2945,0x0000,0x0000,0x0000,0x0000,0xB5B6,0xF7BE,
  0xEF7D,0xDEFB,0x528A,0x0000,0x0000,0x0000,0x0000,0x0000,0x0000,0x0000,0x0000,0x10A2,
  0x10A2,0x0000,0x0000,0x0000,0x0000,0x0000,0x0000,0x0000,0x632C,0xEF5D,0xEF7D,0xF79E,
  0x9CD3,0x0000,0x0000,0x0000,0x2124,0xAD75,0xF7BE,0xEF7D,0xEF7D,0xEF7D,0xEF7D,0xEF7D,
  0xEF7D,0xEF7D,0xEF5D,0xEF5D,0xF7BE,0xBDD7,0x2965,0x0000,0x0000,0x0000,0x9CD3,0xF79E,
  0xE73C,0xF7BE,0x7BCF,0x0000,0x0000,0x0000,0x0000,0x0000,0x0000,0x0000,0x0000,0x10A2,
  0x10A2,0x0000,0x0000,0x0000,0x0000,0x0000,0x0000,0x0000,0x4208,0xC638,0xF7BE,0xD6BA,
  0x5ACB,0x0000,0x0000,0x2104,0xA534,0xFFDF,0xEF5D,0xEF7D,0xEF7D,0xE71C,0xEF5D,0xEF7D,
  0xE73C,0xE73C,0xEF7D,0xEF7D,0xEF7D,0xF7BE,0xAD75,0x2945,0x0000,0x0000,0x4A49,0xCE59,
  0xF7BE,0xD6BA,0x4A69,0x0000,0x0000,0x0000,0x0000,0x0000,0x0000,0x0000,0x0000,0x10A2,
  0x10A2,0x0000,0x0000,0x0000,0x0000,0x0000,0x0000,0x0000,0x0000,0x4A49,0x9CD3,0x4A69,
  0x0000,0x0000,0x18E3,0xAD55,0xFFDF,0xEF5D,0xEF7D,0xE73C,0x8C71,0x8410,0xD69A,0xF79E,
  0xDEDB,0x9492,0x94B2,0xE71C,0xF79E,0xEF7D,0xF7BE,0xAD55,0x2124,0x0000,0x0000,0x4228,
  0x9CD3,0x52AA,0x0000,0x0000,0x0000,0x0000,0x0000,0x0000,0x0000,0x0000,0x0000,0x10A2,
  0x10A2,0x0000,0x0000,0x0000,0x0000,0x0000,0x0000,0x0000,0x0000,0x0000,0x0000,0x0000,
  0x0000,0x0000,0x630C,0xE73C,0xEF5D,0xEF7D,0xFFDF,0x9492,0x0000,0x4A69,0xD6BA,0xF7BE,
  0xEF5D,0x6B6D,0x0000,0x8410,0xEF7D,0xEF7D,0xEF7D,0xF79E,0x7BCF,0x0000,0x0000,0x0000,
  0x0000,0x0000,0x0000,0x0000,0x0000,0x0000,0x0000,0x0000,0x0000,0x0000,0x0000,0x10A2,
  0x10A2,0x0000,0x0000,0x0000,0x0000,0x0000,0x0000,0x0000,0x0000,0x0000,0x0000,0x0000,
  0x0000,0x0000,0x632C,0xEF5D,0xEF7D,0xF7BE,0xAD75,0x18C3,0x0000,0x6B4D,0xE73C,0xEF7D,
  0xEF7D,0x7BEF,0x0000,0x0000,0xA514,0xF7BE,0xEF7D,0xF79E,0x7BEF,0x0000,0x0000,0x0000,
  0x0000,0x0000,0x0000,0x0000,0x0000,0x0000,0x0000,0x0000,0x0000,0x0000,0x0000,0x10A2,
  0x10A2,0x0000,0x0000,0x0000,0x0000,0x0000,0x0000,0x0000,0x0000,0x0000,0x0000,0x0000,
  0x0000,0x0000,0x18E3,0x8430,0xCE59,0x8C71,0x2104,0x0000,0x0000,0x7BCF,0xE73C,0xEF5D,
  0xF79E,0x8C71,0x0000,0x0000,0x2104,0x8410,0xC638,0x9492,0x2124,0x0000,0x0000,0x0000,
  0x0000,0x0000,0x0000,0x0000,0x0000,0x0000,0x0000,0x0000,0x0000,0x0000,0x0000,0x18C3,
  0x18C3,0x0000,0x0000,0x0000,0x0000,0x0000,0x0000,0x0000,0x0000,0x0000,0x0000,0x0000,
  0x0000,0x0000,0x0000,0x0000,0x2965,0x0000,0x0000,0x0000,0x0000,0x8410,0xEF5D,0xEF5D,
  0xF79E,0x94B2,0x0000,0x0000,0x0000,0x0000,0x2965,0x18C3,0x0000,0x0000,0x0000,0x0000,
  0x0000,0x0000,0x0000,0x0000,0x0000,0x0000,0x0000,0x0000,0x0000,0x0000,0x0000,0x10A2,
  0x0000,0x0000,0x0000,0x0000,0x0000,0x0000,0x0000,0x0000,0x0000,0x0000,0x0000,0x0000,
  0x0000,0x0000,0x0000,0x0000,0x0000,0x0000,0x0000,0x0000,0x0000,0x5ACB,0xDEFB,0xF79E,
  0xEF5D,0x6B4D,0x0000,0x0000,0x0000,0x0000,0x0000,0x0000,0x0000,0x0000,0x0000,0x0000,
  0x0000,0x0000,0x0000,0x0000,0x0000,0x0000,0x0000,0x0000,0x0000,0x0000,0x0000,0x0000,
  0x2104,0x0000,0x10A2,0x18C3,0x10A2,0x10A2,0x10A2,0x10A2,0x10A2,0x10A2,0x10A2,0x10A2,
  0x10A2,0x10A2,0x0000,0x18C3,0x18C3,0x10A2,0x18C3,0x10A2,0x0000,0x2965,0xAD75,0xF7BE,
  0xAD55,0x31A6,0x0000,0x10A2,0x10A2,0x18C3,0x18C3,0x10A2,0x10A2,0x10A2,0x10A2,0x10A2,
  0x10A2,0x10A2,0x10A2,0x10A2,0x10A2,0x10A2,0x10A2,0x10A2,0x10A2,0x10A2,0x0000,0x18E3,
};

static const uint16_t PROGMEM wicon_50d[] = {
  0x0000,0x0000,0x0000,0x0000,0x0000,0x0000,0x0000,0x0000,0x0000,0x0000,0x0000,0x0000,
  0x0000,0x0000,0x0000,0x0000,0x0000,0x0000,0x0000,0x0000,0x0000,0x0000,0x0000,0x0000,
  0x0000,0x0000,0x0000,0x0000,0x0000,0x0000,0x0000,0x0000,0x0000,0x0000,0x0000,0x0000,
  0x0000,0x0000,0x0000,0x0000,0x0000,0x0000,0x0000,0x0000,0x0000,0x0000,0x0000,0x0000,
  0x0000,0x0000,0x0000,0x0000,0x0000,0x0000,0x0000,0x0000,0x0000,0x0000,0x0000,0x0000,
  0x0000,0x0000,0x0000,0x0000,0x0000,0x0000,0x0000,0x0000,0x0000,0x0000,0x0000,0x0000,
  0x0000,0x0000,0x0000,0x0000,0x0000,0x0000,0x0000,0x0000,0x0000,0x0000,0x0000,0x0000,
  0x0000,0x0000,0x0000,0x0000,0x0000,0x0000,0x0000,0x0000,0x0000,0x0000,0x0000,0x0000,
  0x0000,0x0000,0x0000,0x0000,0x0000,0x0000,0x0000,0x0000,0x0000,0x0000,0x0000,0x0000,
  0x0000,0x0000,0x0000,0x0000,0x0000,0x0000,0x0000,0x0000,0x0000,0x0000,0x0000,0x0000,
  0x0000,0x0000,0x0000,0x0000,0x0000,0x0000,0x0000,0x0000,0x0000,0x0000,0x0000,0x0000,
  0x0000,0x0000,0x0000,0x0000,0x0000,0x0000,0x0000,0x0000,0x0000,0x0000,0x0000,0x0000,
  0x0000,0x0000,0x0000,0x0000,0x0000,0x0000,0x0000,0x0000,0x0000,0x0000,0x0000,0x0000,
  0x0000,0x0000,0x0000,0x0000,0x0000,0x0000,0x0000,0x0000,0x0000,0x0000,0x0000,0x0000,
  0x0000,0x0000,0x0000,0x0000,0x0000,0x0000,0x0000,0x0000,0x0000,0x0000,0x0000,0x0000,
  0x0000,0x0000,0x0000,0x0000,0x0000,0x0000,0x0000,0x0000,0x0000,0x0000,0x0000,0x0000,
  0x0000,0x0000,0x0000,0x0000,0x0000,0x0000,0x0000,0x0000,0x0000,0x0000,0x0000,0x0000,
  0x0000,0x0000,0x0000,0x0000,0x0000,0x0000,0x0000,0x0000,0x0000,0x0000,0x0000,0x0000,
  0x0000,0x0000,0x0000,0x0000,0x0000,0x0000,0x0000,0x0000,0x0000,0x0000,0x0000,0x0000,
  0x0000,0x0000,0x0000,0x0000,0x0000,0x0000,0x0000,0x0000,0x0000,0x0000,0x0000,0x0000,
  0x0000,0x0000,0x0000,0x0000,0x0000,0x0000,0x0000,0x0000,0x0000,0x0000,0x0000,0x0000,
  0x0000,0x0000,0x0000,0x0000,0x0000,0x0000,0x0000,0x0000,0x0000,0x0000,0x0000,0x0000,
  0x0000,0x0000,0x0000,0x0000,0x0000,0x0000,0x0000,0x0000,0x0000,0x0000,0x0000,0x0000,
  0x0000,0x0000,0x0000,0x0000,0x0000,0x0000,0x0000,0x0000,0x0000,0x0000,0x0000,0x0000,
  0x0000,0x0000,0x0000,0x0000,0x0000,0x0000,0x0000,0x0000,0x0000,0x0000,0x0000,0x0000,
  0x0000,0x0000,0x0000,0x0000,0x0000,0x0000,0x0000,0x0000,0x0000,0x0000,0x0000,0x0000,
  0x0000,0x0000,0x0000,0x0000,0x0000,0x0000,0x0000,0x0000,0x0000,0x0000,0x0000,0x0000,
  0x0000,0x0000,0x0000,0x0000,0x0000,0x0000,0x0000,0x0000,0x0000,0x0000,0x0000,0x0000,
  0x0000,0x0000,0x0000,0x0000,0x0000,0x0000,0x0000,0x0000,0x0000,0x0000,0x0000,0x0000,
  0x0000,0x0000,0x0000,0x0000,0x0000,0x0000,0x0000,0x0000,0x0000,0x0000,0x0000,0x0000,
  0x0000,0x0000,0x0000,0x0000,0x0000,0x0000,0x0000,0x0000,0x0000,0x0000,0x0000,0x0000,
  0x0000,0x0000,0x0000,0x0000,0x0000,0x0000,0x0000,0x0000,0x0000,0x0000,0x0000,0x0000,
  0x0000,0x0000,0x0000,0x0000,0x0000,0x0000,0x0000,0x0000,0x0000,0x0000,0x0000,0x0000,
  0x0000,0x0000,0x0000,0x0000,0x0000,0x0000,0x0000,0x0000,0x0000,0x0000,0x0000,0x0000,
  0x0000,0x0000,0x0000,0x0000,0x0000,0x0000,0x0000,0x0000,0x0000,0x0000,0x0000,0x0000,
  0x0000,0x0000,0x0000,0x0000,0x0000,0x0000,0x0000,0x0000,0x0000,0x0000,0x0000,0x0000,
  0x0000,0x0000,0x0000,0x0000,0x0000,0x0000,0x0000,0x0000,0x0000,0x0000,0x0000,0x0000,
  0x0000,0x0000,0x2104,0x3186,0x2945,0x2945,0x2945,0x2945,0x2945,0x2945,0x2945,0x2945,
  0x2945,0x2945,0x2945,0x2965,0x2945,0x0000,0x0000,0x0000,0x0000,0x0000,0x0000,0x0000,
  0x0000,0x0000,0x0000,0x0000,0x0000,0x0000,0x0000,0x0000,0x0000,0x0000,0x0000,0x0000,
  0x0000,0x0000,0x0000,0x0000,0x0000,0x0000,0x0000,0x0000,0x0000,0x0000,0x0000,0x0000,
  0x0000,0x18C3,0x9492,0xCE59,0xB596,0xB5B6,0xB5B6,0xB5B6,0xB5B6,0xB5B6,0xB5B6,0xB5B6,
  0xB5B6,0xB5B6,0xB596,0xBDF7,0xC618,0x528A,0x0000,0x0000,0x0000,0x0000,0x0000,0x0000,
  0x0000,0x0000,0x0000,0x0000,0x0000,0x0000,0x0000,0x0000,0x0000,0x0000,0x0000,0x0000,
  0x0000,0x0000,0x0000,0x0000,0x0000,0x0000,0x0000,0x0000,0x0000,0x0000,0x0000,0x0000,
  0x0000,0x10A2,0x7BEF,0xB5B6,0xA514,0xA514,0xA534,0xA514,0xA514,0xA514,0xA534,0xA514,
  0xA514,0xA534,0xA514,0xAD55,0xAD55,0x4A49,0x0000,0x0000,0x0000,0x0000,0x0000,0x0000,
  0x0000,0x0000,0x0000,0x0000,0x0000,0x0000,0x0000,0x0000,0x0000,0x0000,0x0000,0x0000,
  0x0000,0x0000,0x0000,0x0000,0x0000,0x0000,0x0000,0x0000,0x0000,0x0000,0x0000,0x0000,
  0x0000,0x0000,0x18E3,0x31A6,0x2965,0x2965,0x3186,0x2965,0x2965,0x2965,0x2965,0x2965,
  0x2965,0x2965,0x2965,0x31A6,0x2965,0x0000,0x0000,0x0000,0x0000,0x0000,0x0000,0x0000,
  0x0000,0x0000,0x0000,0x0000,0x0000,0x0000,0x0000,0x0000,0x0000,0x0000,0x0000,0x0000,
  0x0000,0x0000,0x0000,0x0000,0x0000,0x0000,0x0000,0x0000,0x0000,0x0000,0x0000,0x0000,
  0x0000,0x0000,0x0000,0x0000,0x0000,0x0000,0x0000,0x0000,0x0000,0x0000,0x0000,0x0000,
  0x0000,0x0000,0x0000,0x0000,0x0000,0x0000,0x0000,0x0000,0x0000,0x0000,0x0000,0x0000,
  0x0000,0x0000,0x0000,0x0000,0x0000,0x0000,0x0000,0x0000,0x0000,0x0000,0x0000,0x0000,
  0x0000,0x0000,0x0000,0x0000,0x0000,0x0000,0x0000,0x0000,0x0000,0x0000,0x0000,0x0000,
  0x0000,0x0000,0x0000,0x0000,0x0000,0x0000,0x0000,0x0000,0x0000,0x0000,0x0000,0x0000,
  0x0000,0x0000,0x0000,0x0000,0x0000,0x0000,0x0000,0x0000,0x0000,0x0000,0x0000,0x0000,
  0x0000,0x0000,0x0000,0x0000,0x0000,0x0000,0x0000,0x0000,0x0000,0x0000,0x0000,0x0000,
  0x0000,0x0000,0x0000,0x39C7,0x632C,0x5AEB,0x5ACB,0x5ACB,0x5AEB,0x5AEB,0x5ACB,0x5AEB,
  0x5ACB,0x5ACB,0x5AEB,0x5AEB,0x5AEB,0x5AEB,0x5AEB,0x5ACB,0x5ACB,0x5ACB,0x5ACB,0x5ACB,
  0x5ACB,0x5ACB,0x5ACB,0x5ACB,0x5AEB,0x5ACB,0x630C,0x528A,0x0000,0x0000,0x0000,0x0000,
  0x0000,0x0000,0x0000,0x0000,0x0000,0x0000,0x0000,0x0000,0x0000,0x0000,0x0000,0x0000,
  0x0000,0x0000,0x10A2,0x8430,0xC638,0xB596,0xB5B6,0xB5B6,0xB5B6,0xB596,0xB596,0xBDD7,
  0xB596,0xB5B6,0xB5B6,0xB5B6,0xB5B6,0xB5B6,0xB5B6,0xB5B6,0xB5B6,0xB5B6,0xB5B6,0xB5B6,
  0xB5B6,0xB5B6,0xB5B6,0xB596,0xB5B6,0xB5B6,0xBDF7,0xB596,0x39C7,0x0000,0x0000,0x0000,
  0x0000,0x0000,0x0000,0x0000,0x0000,0x0000,0x0000,0x0000,0x0000,0x0000,0x0000,0x0000,
  0x0000,0x0000,0x0000,0x4A69,0x738E,0x5AEB,0x5AEB,0x630C,0x630C,0x630C,0x630C,0x630C,
  0x5AEB,0x630C,0x630C,0x630C,0x630C,0x630C,0x630C,0x630C,0x630C,0x630C,0x630C,0x630C,
  0x630C,0x630C,0x630C,0x630C,0x630C,0x5AEB,0x632C,0x632C,0x18E3,0x0000,0x0000,0x0000,
  0x0000,0x0000,0x0000,0x0000,0x0000,0x0000,0x0000,0x0000,0x0000,0x0000,0x0000,0x0000,
  0x0000,0x0000,0x0000,0x0000,0x0000,0x0000,0x0000,0x0000,0x0000,0x0000,0x0000,0x0000,
  0x0000,0x0000,0x0000,0x0000,0x0000,0x0000,0x0000,0x0000,0x0000,0x0000,0x0000,0x0000,
  0x0000,0x0000,0x0000,0x0000,0x0000,0x0000,0x0000,0x0000,0x0000,0x0000,0x0000,0x0000,
  0x0000,0x0000,0x0000,0x0000,0x0000,0x0000,0x0000,0x0000,0x0000,0x0000,0x0000,0x0000,
  0x0000,0x0000,0x0000,0x0000,0x0000,0x0000,0x0000,0x0000,0x0000,0x0000,0x0000,0x0000,
  0x0000,0x0000,0x0000,0x0000,0x0000,0x0000,0x0000,0x0000,0x0000,0x0000,0x0000,0x0000,
  0x0000,0x0000,0x0000,0x0000,0x0000,0x0000,0x0000,0x0000,0x0000,0x0000,0x0000,0x0000,
  0x0000,0x0000,0x0000,0x0000,0x0000,0x0000,0x0000,0x0000,0x0000,0x0000,0x0000,0x0000,
  0x0000,0x0000,0x0000,0x0000,0x0000,0x0000,0x0000,0x0000,0x0000,0x0000,0x0000,0x0000,
  0x0000,0x0000,0x0000,0x0000,0x0000,0x0000,0x0000,0x0000,0x0000,0x0000,0x0000,0x0000,
  0x0000,0x0000,0x0000,0x0000,0x0000,0x0000,0x0000,0x0000,0x0000,0x0000,0x0000,0x0000,
  0x0000,0x0000,0x0000,0x0000,0x0000,0x0000,0x0000,0x0000,0x0000,0x0000,0x10A2,0x0000,
  0x0000,0x0000,0x0000,0x0000,0x0000,0x0000,0x0000,0x0000,0x0000,0x0000,0x0000,0x0000,
  0x18C3,0x738E,0x9CD3,0x8C71,0x9492,0x9492,0x9492,0x9492,0x9492,0x9492,0x9492,0x8C71,
  0x8C71,0x8C71,0x8C71,0x9492,0x9492,0x9492,0x9492,0x9492,0x8C71,0x8C71,0x8C71,0x8C71,
  0x8C71,0x8C71,0x8C71,0x9492,0x9492,0x9492,0x9492,0x8C71,0x8C71,0x9492,0x8C71,0x7BCF,
  0x0000,0x0000,0x0000,0x0000,0x0000,0x0000,0x0000,0x0000,0x0000,0x0000,0x0000,0x0000,
  0x18E3,0x9CD3,0xC638,0xBDD7,0xBDF7,0xBDD7,0xBDF7,0xBDF7,0xBDF7,0xBDF7,0xBDF7,0xBDF7,
  0xBDF7,0xBDF7,0xBDF7,0xBDF7,0xBDF7,0xBDF7,0xBDF7,0xBDF7,0xBDF7,0xBDF7,0xBDF7,0xBDF7,
  0xBDF7,0xBDF7,0xBDF7,0xBDF7,0xBDF7,0xBDF7,0xBDF7,0xBDF7,0xBDD7,0xBDF7,0xBDD7,0x9CD3,
  0x0000,0x0000,0x0000,0x0000,0x0000,0x0000,0x0000,0x0000,0x0000,0x0000,0x0000,0x0000,
  0x0000,0x18C3,0x2945,0x2124,0x2124,0x2945,0x2124,0x2124,0x2124,0x2124,0x2124,0x2124,
  0x2124,0x2124,0x2124,0x2124,0x2124,0x2124,0x2124,0x2124,0x2124,0x2124,0x2124,0x2124,
  0x2124,0x2124,0x2124,0x2124,0x2124,0x2124,0x2124,0x2124,0x2124,0x2945,0x2945,0x10A2,
  0x0000,0x0000,0x0000,0x0000,0x0000,0x0000,0x0000,0x0000,0x0000,0x0000,0x0000,0x0000,
  0x0000,0x0000,0x0000,0x0000,0x0000,0x0000,0x0000,0x0000,0x0000,0x0000,0x0000,0x0000,
  0x0000,0x0000,0x0000,0x0000,0x0000,0x0000,0x0000,0x0000,0x0000,0x0000,0x0000,0x0000,
  0x0000,0x0000,0x0000,0x0000,0x0000,0x0000,0x0000,0x0000,0x0000,0x0000,0x0000,0x0000,
  0x0000,0x0000,0x0000,0x0000,0x0000,0x0000,0x0000,0x0000,0x0000,0x0000,0x0000,0x0000,
  0x0000,0x0000,0x0000,0x0000,0x0000,0x0000,0x0000,0x0000,0x0000,0x0000,0x0000,0x0000,
  0x0000,0x0000,0x0000,0x0000,0x0000,0x0000,0x0000,0x0000,0x0000,0x0000,0x0000,0x0000,
  0x0000,0x0000,0x0000,0x0000,0x0000,0x0000,0x0000,0x0000,0x0000,0x0000,0x0000,0x0000,
  0x4A49,0x632C,0x630C,0x630C,0x630C,0x5AEB,0x5AEB,0x5AEB,0x630C,0x5AEB,0x5ACB,0x630C,
  0x630C,0x5AEB,0x5AEB,0x5AEB,0x5AEB,0x5AEB,0x5AEB,0x5AEB,0x5AEB,0x5AEB,0x630C,0x630C,
  0x630C,0x630C,0x630C,0x630C,0x630C,0x5AEB,0x5AEB,0x630C,0x5AEB,0x630C,0x52AA,0x18E3,
  0x0000,0x0000,0x0000,0x0000,0x0000,0x0000,0x0000,0x0000,0x0000,0x0000,0x0000,0x0000,
  0x9CD3,0xCE59,0xCE59,0xCE59,0xCE79,0xCE59,0xCE59,0xCE59,0xCE59,0xCE59,0xCE59,0xCE59,
  0xCE59,0xCE59,0xCE59,0xCE59,0xCE59,0xCE59,0xCE59,0xCE79,0xCE79,0xCE59,0xCE59,0xCE59,
  0xCE59,0xCE59,0xCE59,0xCE59,0xCE59,0xCE59,0xCE59,0xCE59,0xC638,0xD69A,0xBDD7,0x39E7,
  0x0000,0x0000,0x0000,0x0000,0x0000,0x0000,0x0000,0x0000,0x0000,0x0000,0x0000,0x0000,
  0x39C7,0x5ACB,0x630C,0x5AEB,0x5ACB,0x5AEB,0x5AEB,0x5AEB,0x5AEB,0x5AEB,0x5AEB,0x5AEB,
  0x5AEB,0x630C,0x5AEB,0x5AEB,0x5AEB,0x5AEB,0x5AEB,0x5AEB,0x5AEB,0x5AEB,0x5AEB,0x5AEB,
  0x5AEB,0x5AEB,0x5AEB,0x5AEB,0x5AEB,0x5AEB,0x5AEB,0x5AEB,0x5AEB,0x632C,0x4A69,0x10A2,
  0x0000,0x0000,0x0000,0x0000,0x0000,0x0000,0x0000,0x0000,0x0000,0x0000,0x0000,0x0000,
  0x0000,0x0000,0x0000,0x0000,0x0000,0x0000,0x0000,0x0000,0x0000,0x0000,0x0000,0x0000,
  0x0000,0x0000,0x0000,0x0000,0x0000,0x0000,0x0000,0x0000,0x0000,0x0000,0x0000,0x0000,
  0x0000,0x0000,0x0000,0x0000,0x0000,0x0000,0x0000,0x0000,0x0000,0x0000,0x0000,0x0000,
  0x0000,0x0000,0x0000,0x0000,0x0000,0x0000,0x0000,0x0000,0x0000,0x0000,0x0000,0x0000,
  0x0000,0x0000,0x0000,0x0000,0x0000,0x0000,0x0000,0x0000,0x0000,0x0000,0x0000,0x0000,
  0x0000,0x0000,0x0000,0x0000,0x0000,0x0000,0x0000,0x0000,0x0000,0x0000,0x0000,0x0000,
  0x0000,0x0000,0x0000,0x0000,0x0000,0x0000,0x0000,0x0000,0x0000,0x0000,0x0000,0x0000,
  0x0000,0x0000,0x0000,0x0000,0x0000,0x0000,0x0000,0x0000,0x0000,0x0000,0x0000,0x0000,
  0x0000,0x0000,0x0000,0x0000,0x0000,0x0000,0x0000,0x0000,0x39C7,0x4A49,0x39E7,0x39E7,
  0x4208,0x4208,0x4208,0x4208,0x4208,0x4208,0x4208,0x4208,0x4208,0x4208,0x4208,0x4208,
  0x4208,0x4208,0x4208,0x4208,0x4208,0x39E7,0x4208,0x4208,0x4208,0x4208,0x39E7,0x4208,
  0x4208,0x39E7,0x39E7,0x4208,0x4208,0x4208,0x18C3,0x0000,0x0000,0x0000,0x0000,0x0000,
  0x0000,0x0000,0x0000,0x0000,0x0000,0x0000,0x0000,0x4A49,0xB5B6,0xBDF7,0xBDF7,0xBDF7,
  0xBDD7,0xBDD7,0xBDD7,0xBDD7,0xBDD7,0xBDD7,0xBDD7,0xBDD7,0xBDD7,0xBDD7,0xBDD7,0xBDD7,
  0xBDD7,0xBDD7,0xBDD7,0xBDD7,0xBDD7,0xBDD7,0xBDD7,0xBDD7,0xBDD7,0xBDF7,0xBDD7,0xBDD7,
  0xBDD7,0xBDF7,0xBDD7,0xBDD7,0xBDD7,0xC638,0x6B6D,0x0000,0x0000,0x0000,0x0000,0x0000,
  0x0000,0x0000,0x0000,0x0000,0x0000,0x0000,0x0000,0x3186,0x8C71,0x9CD3,0x94B2,0x94B2,
  0x94B2,0x94B2,0x94B2,0x94B2,0x94B2,0x94B2,0x94B2,0x94B2,0x94B2,0x94B2,0x94B2,0x94B2,
  0x94B2,0x94B2,0x94B2,0x94B2,0x94B2,0x94B2,0x94B2,0x94B2,0x9492,0x94B2,0x94B2,0x94B2,
  0x94B2,0x94B2,0x94B2,0x94B2,0x94B2,0x94B2,0x4A49,0x0000,0x0000,0x0000,0x0000,0x0000,
  0x0000,0x0000,0x0000,0x0000,0x0000,0x0000,0x0000,0x0000,0x0000,0x0000,0x0000,0x0000,
  0x0000,0x0000,0x0000,0x0000,0x0000,0x0000,0x0000,0x0000,0x0000,0x0000,0x0000,0x0000,
  0x0000,0x0000,0x0000,0x0000,0x0000,0x0000,0x0000,0x0000,0x0000,0x0000,0x0000,0x0000,
  0x0000,0x0000,0x0000,0x0000,0x0000,0x0000,0x0000,0x0000,0x0000,0x0000,0x0000,0x0000,
  0x0000,0x0000,0x0000,0x0000,0x0000,0x0000,0x0000,0x0000,0x0000,0x0000,0x0000,0x0000,
  0x0000,0x0000,0x0000,0x0000,0x0000,0x0000,0x0000,0x0000,0x0000,0x0000,0x0000,0x0000,
  0x0000,0x0000,0x0000,0x0000,0x0000,0x0000,0x0000,0x0000,0x0000,0x0000,0x0000,0x0000,
  0x0000,0x0000,0x0000,0x0000,0x0000,0x0000,0x0000,0x0000,0x0000,0x0000,0x0000,0x0000,
  0x0000,0x0000,0x0000,0x0000,0x0000,0x0000,0x0000,0x0000,0x0000,0x0000,0x0000,0x0000,
  0x0000,0x0000,0x18E3,0x18E3,0x18E3,0x18E3,0x18C3,0x18E3,0x18E3,0x18E3,0x18E3,0x18E3,
  0x18E3,0x18E3,0x18E3,0x18E3,0x18E3,0x18E3,0x18E3,0x18E3,0x18E3,0x2104,0x10A2,0x0000,
  0x0000,0x0000,0x0000,0x0000,0x0000,0x0000,0x0000,0x0000,0x0000,0x0000,0x0000,0x0000,
  0x0000,0x0000,0x0000,0x0000,0x0000,0x0000,0x0000,0x0000,0x0000,0x0000,0x0000,0x0000,
  0x18C3,0x7BCF,0xA514,0x94B2,0x9CD3,0x94B2,0x94B2,0x9CD3,0x9CD3,0x9CD3,0x9CD3,0x9CD3,
  0x9CD3,0x9CD3,0x9CD3,0x9CD3,0x9CD3,0x94B2,0x94B2,0x9CD3,0x9CD3,0x9CF3,0x8C51,0x2965,
  0x0000,0x0000,0x0000,0x0000,0x0000,0x0000,0x0000,0x0000,0x0000,0x0000,0x0000,0x0000,
  0x0000,0x0000,0x0000,0x0000,0x0000,0x0000,0x0000,0x0000,0x0000,0x0000,0x0000,0x0000,
  0x18E3,0x9492,0xBDF7,0xAD75,0xB596,0xAD75,0xAD75,0xAD75,0xB596,0xB596,0xB596,0xB596,
  0xB596,0xB596,0xB596,0xB596,0xB596,0xB596,0xAD75,0xB596,0xAD75,0xBDD7,0xA514,0x39C7,
  0x0000,0x0000,0x0000,0x0000,0x0000,0x0000,0x0000,0x0000,0x0000,0x0000,0x0000,0x0000,
  0x0000,0x0000,0x0000,0x0000,0x0000,0x0000,0x0000,0x0000,0x0000,0x0000,0x0000,0x0000,
  0x0000,0x18C3,0x18E3,0x18C3,0x18C3,0x18C3,0x18C3,0x18C3,0x18C3,0x18C3,0x18C3,0x18C3,
  0x18C3,0x18C3,0x18C3,0x18C3,0x18C3,0x18C3,0x18C3,0x18C3,0x18C3,0x18E3,0x18C3,0x0000,
  0x0000,0x0000,0x0000,0x0000,0x0000,0x0000,0x0000,0x0000,0x0000,0x0000,0x0000,0x0000,
  0x0000,0x0000,0x0000,0x0000,0x0000,0x0000,0x0000,0x0000,0x0000,0x0000,0x0000,0x0000,
  0x0000,0x0000,0x0000,0x0000,0x0000,0x0000,0x0000,0x0000,0x0000,0x0000,0x0000,0x0000,
  0x0000,0x0000,0x0000,0x0000,0x0000,0x0000,0x0000,0x0000,0x0000,0x0000,0x0000,0x0000,
  0x0000,0x0000,0x0000,0x0000,0x0000,0x0000,0x0000,0x0000,0x0000,0x0000,0x0000,0x0000,
  0x0000,0x0000,0x0000,0x0000,0x0000,0x0000,0x0000,0x0000,0x0000,0x0000,0x0000,0x0000,
  0x0000,0x0000,0x0000,0x0000,0x0000,0x0000,0x0000,0x0000,0x0000,0x0000,0x0000,0x0000,
  0x0000,0x0000,0x0000,0x0000,0x0000,0x0000,0x0000,0x0000,0x0000,0x0000,0x0000,0x0000,
  0x0000,0x0000,0x0000,0x0000,0x0000,0x0000,0x0000,0x0000,0x0000,0x0000,0x0000,0x0000,
  0x0000,0x0000,0x0000,0x0000,0x0000,0x0000,0x0000,0x0000,0x0000,0x0000,0x0000,0x0000,
  0x0000,0x0000,0x0000,0x0000,0x0000,0x0000,0x0000,0x0000,0x0000,0x0000,0x0000,0x0000,
  0x0000,0x0000,0x0000,0x0000,0x0000,0x0000,0x0000,0x0000,0x0000,0x0000,0x0000,0x0000,
  0x0000,0x0000,0x0000,0x0000,0x0000,0x0000,0x0000,0x0000,0x0000,0x0000,0x0000,0x0000,
  0x0000,0x0000,0x0000,0x0000,0x0000,0x0000,0x0000,0x0000,0x0000,0x0000,0x0000,0x0000,
  0x0000,0x0000,0x0000,0x0000,0x0000,0x0000,0x0000,0x0000,0x0000,0x0000,0x0000,0x0000,
  0x0000,0x0000,0x0000,0x0000,0x0000,0x0000,0x0000,0x0000,0x0000,0x0000,0x0000,0x0000,
  0x0000,0x0000,0x0000,0x0000,0x0000,0x0000,0x0000,0x0000,0x0000,0x0000,0x0000,0x0000,
  0x0000,0x0000,0x0000,0x0000,0x0000,0x0000,0x0000,0x0000,0x0000,0x0000,0x0000,0x0000,
  0x0000,0x0000,0x0000,0x0000,0x0000,0x0000,0x0000,0x0000,0x0000,0x0000,0x0000,0x0000,
  0x0000,0x0000,0x0000,0x0000,0x0000,0x0000,0x0000,0x0000,0x0000,0x0000,0x0000,0x0000,
  0x0000,0x0000,0x0000,0x0000,0x0000,0x0000,0x0000,0x0000,0x0000,0x0000,0x0000,0x0000,
  0x0000,0x0000,0x0000,0x0000,0x0000,0x0000,0x0000,0x0000,0x0000,0x0000,0x0000,0x0000,
  0x0000,0x0000,0x0000,0x0000,0x0000,0x0000,0x0000,0x0000,0x0000,0x0000,0x0000,0x0000,
  0x0000,0x0000,0x0000,0x0000,0x0000,0x0000,0x0000,0x0000,0x0000,0x0000,0x0000,0x0000,
  0x0000,0x0000,0x0000,0x0000,0x0000,0x0000,0x0000,0x0000,0x0000,0x0000,0x0000,0x0000,
  0x0000,0x0000,0x0000,0x0000,0x0000,0x0000,0x0000,0x0000,0x0000,0x0000,0x0000,0x0000,
  0x0000,0x0000,0x0000,0x0000,0x0000,0x0000,0x0000,0x0000,0x0000,0x0000,0x0000,0x0000,
  0x0000,0x0000,0x0000,0x0000,0x0000,0x0000,0x0000,0x0000,0x0000,0x0000,0x0000,0x0000,
  0x0000,0x0000,0x0000,0x0000,0x0000,0x0000,0x0000,0x0000,0x0000,0x0000,0x0000,0x0000,
  0x0000,0x0000,0x0000,0x0000,0x0000,0x0000,0x0000,0x0000,0x0000,0x0000,0x0000,0x0000,
  0x0000,0x0000,0x0000,0x0000,0x0000,0x0000,0x0000,0x0000,0x0000,0x0000,0x0000,0x0000,
  0x0000,0x0000,0x0000,0x0000,0x0000,0x0000,0x0000,0x0000,0x0000,0x0000,0x0000,0x0000,
  0x0000,0x0000,0x0000,0x0000,0x0000,0x0000,0x0000,0x0000,0x0000,0x0000,0x0000,0x0000,
};
